Nitrogênio Foliar (g/kg),Fósforo(P) (mg/dm³),Potássio(K) (cmol c/dm³),Boro(B) (mg/dm³),Cálcio(Ca) (cmol c/dm³),Magnésio(Mg) (cmol c/dm³),Alumínio(Al) (cmol c/dm³),Sódio(Na) (cmol c/dm³),H+Al (cmol c/dm³),Zinco(Zn) (mg/dm³),Cobre(Cu) (mg/dm³),Manganês(Mn) (mg/dm³),PRNT do calcário
0.29,3.09,1.52,7.82,0.49,0.61,7.3,8.81,5.87,8.28,6.41,2.74,5.5
4.02,7.88,6.71,6.03,0.99,7.23,7.46,3.75,7.93,2.05,6.79,2.49,4.39
4.21,2.85,9.63,0.87,1.94,5.21,3.61,1.69,1.4,9.95,8.63,7.13,2.7
3.53,4.54,9.09,6.49,7.49,6.58,9.16,8.8,2.95,3.21,4.22,4.98,3.73
6.94,1.1,5.63,8.28,3.72,7.78,7.22,1.9,9.95,2.63,9.51,5.99,1.51
0.41,0.7,1.54,3.1,6.92,6.44,6.99,1.06,5.25,0.18,8.68,10.0,8.6
3.8,2.22,6.45,10.0,6.01,6.37,0.57,0.23,8.17,9.64,8.76,2.77,1.65
6.25,5.41,0.76,8.81,5.54,5.12,7.27,9.18,3.24,9.26,6.14,4.68,4.48
3.82,6.41,0.19,0.76,7.99,1.93,7.72,3.0,0.8,4.53,7.51,7.03,7.48
1.15,2.74,0.56,5.01,9.86,7.95,7.29,7.72,3.11,5.19,6.75,4.4,7.73
7.14,6.4,8.25,0.49,8.43,7.46,7.57,4.67,1.28,1.33,8.34,0.99,1.17
7.53,0.29,5.19,9.19,8.72,7.22,3.32,8.9,5.16,9.68,7.03,1.25,3.52
2.38,6.12,1.51,0.54,3.33,7.29,6.21,1.81,8.92,2.42,4.58,9.07,9.84
2.26,9.23,1.96,8.67,7.77,9.29,2.98,4.66,4.69,6.61,9.18,3.19,7.51
6.76,7.56,9.72,9.66,0.54,3.34,5.9,4.61,8.94,4.05,7.22,2.15,6.83
7.44,3.98,6.22,7.71,8.84,1.13,5.56,4.57,3.72,8.6,6.05,5.08,7.07
8.37,0.83,6.96,8.3,0.16,2.77,7.05,6.33,8.55,4.88,5.93,5.24,9.52
3.35,7.54,3.14,3.03,3.48,0.05,8.11,4.55,3.48,2.06,9.68,1.0,7.46
0.97,6.25,9.28,5.79,5.88,0.24,9.35,1.85,5.03,1.43,9.61,4.05,5.07
5.26,9.91,6.43,9.24,7.5,6.04,8.61,0.71,2.73,9.36,9.37,8.58,1.54
2.59,6.54,9.8,1.11,3.83,5.87,1.01,5.2,8.68,8.27,7.38,6.25,1.93
1.52,4.88,0.05,0.02,9.86,7.77,0.9,5.55,3.21,9.33,2.27,5.04,2.17
6.56,2.74,3.56,6.82,6.82,9.63,0.15,2.09,8.31,3.32,3.25,3.61,2.39
9.46,0.4,9.32,9.32,3.26,8.7,3.99,8.46,3.86,9.1,8.99,2.79,3.72
0.1,5.48,1.47,6.64,9.88,3.06,4.27,7.18,9.65,9.36,3.71,0.49,5.16
4.36,6.36,8.35,4.65,5.55,1.37,8.28,1.16,2.61,9.45,6.02,7.76,5.75
7.09,8.53,4.56,8.85,4.4,0.98,8.29,6.57,8.14,5.34,8.46,3.88,6.76
6.69,5.2,6.49,1.93,4.04,2.09,7.23,9.48,7.47,5.54,7.55,2.76,2.07
9.66,1.59,3.4,2.46,9.08,6.56,1.0,2.84,2.21,1.08,7.08,1.44,5.02
6.68,7.6,3.64,4.93,2.45,1.41,5.81,6.31,8.21,7.3,9.63,5.33,9.88
0.2,3.62,5.13,0.82,9.96,9.28,0.86,9.95,3.52,6.92,3.32,2.89,7.98
2.82,8.98,9.78,9.79,9.73,6.23,2.34,2.62,4.28,9.88,6.06,9.16,0.93
8.07,3.38,0.35,3.21,9.48,2.92,6.84,1.07,9.87,5.64,2.55,1.12,7.27
8.96,8.36,7.99,1.54,5.46,3.68,1.55,7.3,3.16,7.41,5.34,9.27,7.45
0.15,5.85,2.6,9.64,5.47,6.32,3.52,1.4,0.01,0.68,4.52,9.18,5.08
4.38,7.31,9.2,9.48,3.23,1.94,3.2,0.37,6.62,3.55,4.44,1.33,0.98
3.95,0.56,9.28,5.19,6.0,3.7,8.61,5.11,1.26,3.99,7.48,9.36,1.67
0.54,3.33,9.47,3.29,9.12,4.08,4.2,8.94,4.97,7.89,9.57,9.85,7.3
3.93,3.16,1.27,8.47,4.87,7.18,8.12,9.55,6.46,2.94,4.84,9.58,9.01
1.81,5.7,6.42,8.59,1.16,1.89,3.48,2.59,8.57,5.14,6.48,6.76,7.45
5.29,0.64,9.24,2.26,3.4,4.07,1.41,3.32,7.59,0.18,5.62,5.26,4.16
4.29,4.05,2.54,2.02,5.71,8.29,0.81,5.73,7.21,0.06,4.1,4.64,4.8
1.74,1.05,1.19,4.41,1.45,8.91,8.2,0.41,6.77,2.06,5.98,9.03,4.64
7.44,3.1,1.24,6.09,0.28,8.23,7.99,8.81,5.45,8.55,0.56,1.85,2.82
6.83,7.93,2.9,0.83,8.06,9.18,0.28,8.0,1.4,4.08,0.61,7.13,5.44
9.43,0.91,2.75,2.87,6.39,8.71,2.38,1.59,4.22,8.49,4.23,8.73,7.72
9.18,3.22,1.59,8.16,4.87,5.51,7.41,5.42,3.02,2.18,9.51,2.06,3.69
2.8,1.4,7.6,7.39,5.24,0.5,5.78,6.06,9.58,9.25,5.99,9.06,0.68
3.63,2.71,3.7,3.8,1.78,2.17,5.41,9.15,1.08,0.68,6.18,7.22,9.77
2.32,6.31,1.28,7.5,3.76,2.93,1.32,2.34,9.18,5.64,8.79,1.69,5.63
7.81,7.55,2.59,3.28,4.55,2.81,2.04,1.68,7.77,8.83,2.61,5.16,3.26
9.68,7.55,8.78,3.2,5.23,4.7,1.37,1.47,3.64,7.96,7.7,6.19,0.33
6.71,9.9,4.42,5.81,4.16,1.97,9.34,3.19,0.47,1.45,5.07,2.35,2.94
1.61,3.47,3.81,3.92,0.04,5.58,4.62,1.22,4.16,8.85,8.74,6.18,5.63
4.79,2.34,6.74,8.91,6.45,2.59,9.43,0.74,9.06,7.96,5.32,7.46,6.97
9.31,0.72,1.74,8.43,4.89,4.19,1.82,4.53,5.24,9.09,1.49,7.33,5.66
5.63,7.97,8.26,4.85,2.21,6.65,9.43,8.62,1.5,6.35,5.43,3.14,4.49
0.77,2.36,1.53,7.25,0.38,8.55,5.89,2.56,3.39,8.1,9.35,8.28,0.59
0.09,9.58,3.36,7.77,6.03,7.71,8.7,1.4,9.2,0.36,7.79,2.24,3.57
8.0,5.39,1.61,5.51,8.04,0.23,6.51,7.03,2.79,7.58,0.32,4.48,1.15
7.23,2.47,4.72,2.77,9.54,7.88,4.11,9.58,1.75,4.93,2.85,2.62,3.84
5.6,8.76,3.62,8.97,4.37,2.56,5.46,6.4,2.76,3.95,8.22,0.45,5.24
4.14,8.16,1.78,6.59,6.74,0.63,2.13,7.9,0.52,5.85,6.02,0.11,9.71
1.61,9.59,5.25,2.17,6.41,2.05,0.99,6.26,3.79,2.11,7.87,5.74,1.18
2.0,9.72,9.25,2.55,0.39,2.93,3.3,0.44,3.83,0.68,2.61,0.34,3.15
0.46,0.47,0.28,3.21,3.31,4.02,4.5,4.04,4.39,8.45,2.12,1.6,1.05
6.77,0.3,2.18,1.21,2.47,3.32,3.96,1.96,5.45,5.3,7.22,8.49,6.04
8.61,4.19,4.15,5.3,6.16,1.96,5.63,9.64,3.27,7.62,6.29,7.82,6.56
1.53,7.49,2.89,8.89,3.44,1.12,8.0,9.99,4.45,0.19,7.24,3.03,1.94
8.93,9.74,2.28,9.31,1.15,5.08,1.91,0.66,3.39,4.84,6.66,8.09,3.4
4.22,9.15,0.64,8.7,4.32,4.56,7.04,3.72,4.51,5.84,0.77,5.76,2.62
9.29,9.15,7.79,4.86,9.67,7.16,9.06,1.82,5.84,8.83,0.14,2.56,9.24
2.02,5.97,9.93,7.45,1.98,8.83,4.67,4.92,7.31,7.45,2.6,7.66,9.01
1.35,2.56,2.36,1.38,0.82,5.27,6.66,2.17,9.0,4.51,4.89,8.19,2.86
2.55,3.9,3.77,8.51,2.89,3.62,3.66,6.31,0.19,2.78,2.81,4.48,5.72
1.66,3.75,3.33,5.28,3.81,5.94,5.83,2.27,8.78,0.18,7.84,6.42,6.84
4.96,2.24,2.92,7.4,5.86,2.52,7.78,7.61,1.98,1.97,1.99,0.01,8.19
7.41,1.79,5.38,9.39,2.57,4.76,0.59,6.39,9.77,0.24,0.9,0.76,2.44
6.71,3.78,0.98,8.38,3.69,9.98,4.07,9.38,7.08,2.51,1.0,8.39,8.08
0.83,7.65,9.17,6.31,4.78,9.15,1.55,7.46,8.58,7.83,1.13,5.37,8.67
3.13,9.56,0.05,5.07,1.99,8.99,5.15,6.67,6.52,4.36,9.01,3.2,9.72
5.57,3.98,7.58,6.78,8.41,9.52,4.18,3.09,2.1,7.71,6.27,6.93,0.75
8.6,0.18,3.84,2.71,7.86,3.12,0.08,7.13,9.43,0.28,2.76,2.26,1.55
0.22,0.64,4.8,6.95,6.18,1.34,8.51,4.31,3.73,4.84,9.76,2.4,8.29
4.18,3.93,7.08,7.52,2.52,2.34,0.42,1.33,3.69,1.9,8.96,2.72,7.63
9.41,8.52,5.33,6.26,1.86,3.49,9.81,5.47,5.46,7.35,4.6,5.9,0.26
7.31,7.95,5.73,2.68,6.76,4.61,8.63,5.11,9.9,7.57,7.98,7.03,2.29
8.27,6.48,3.09,3.9,1.5,4.38,8.63,8.95,4.99,0.89,3.37,2.62,1.23
3.13,5.74,7.87,4.26,2.34,5.37,9.7,1.41,9.75,8.71,2.82,0.32,3.82
7.98,7.37,1.01,7.06,8.64,5.7,5.68,1.5,9.49,4.3,0.91,8.89,9.49
2.06,4.83,2.38,1.36,9.23,8.78,3.11,4.41,7.0,6.11,9.55,3.83,2.37
0.96,8.88,1.12,3.61,2.88,5.41,5.32,6.35,8.43,3.99,1.4,4.41,2.34
2.31,9.76,3.21,6.16,3.09,8.02,1.07,4.18,2.15,2.66,8.33,3.87,2.25
0.84,1.78,9.68,2.84,2.57,8.43,0.67,2.16,8.31,9.81,0.74,6.24,8.8
1.85,6.65,3.71,5.46,6.53,4.49,5.04,1.61,0.33,2.91,1.12,3.07,4.95
3.0,4.34,2.9,7.27,6.51,0.16,1.19,4.67,8.92,6.99,7.74,9.91,9.39
2.77,3.75,7.86,3.32,6.7,3.76,0.26,6.41,6.39,5.6,4.49,4.07,3.73
4.93,5.92,5.13,0.99,2.26,7.02,9.9,4.56,9.53,0.95,5.55,2.09,0.18
7.53,0.18,8.18,8.33,2.91,5.03,1.4,5.99,3.6,0.11,7.27,0.61,1.8
4.87,5.37,0.45,6.01,4.38,9.2,9.69,4.84,0.86,7.23,7.63,4.26,3.99
2.9,1.99,2.95,6.58,0.86,4.57,7.74,0.97,6.96,6.12,4.92,0.47,0.71
0.72,8.7,9.58,5.96,2.87,4.1,4.44,0.53,9.77,7.79,6.09,8.16,5.29
8.45,7.47,3.05,1.83,8.8,3.82,8.52,6.1,1.35,5.22,2.91,5.87,1.15
9.96,6.59,7.54,6.11,8.76,2.12,1.56,9.75,3.54,0.78,6.44,2.56,6.74
7.85,1.1,1.75,1.24,5.36,1.67,3.86,2.18,8.36,8.23,5.72,7.95,3.59
0.57,5.88,7.52,9.44,2.31,1.11,7.04,7.75,5.06,0.26,5.46,1.15,2.19
9.37,2.87,1.01,0.13,3.71,6.76,4.68,7.3,5.38,1.02,7.75,7.19,2.3
1.21,2.65,1.77,7.25,0.91,1.09,0.05,5.58,5.02,3.75,5.87,8.98,2.24
1.93,6.4,3.82,1.07,2.86,6.13,9.17,3.82,6.87,6.83,9.98,0.24,3.25
2.03,3.76,6.83,3.01,7.93,3.1,7.96,0.94,7.51,5.68,8.01,2.51,4.75
6.55,8.24,5.72,4.31,9.05,7.73,8.78,4.94,8.65,5.25,1.97,8.76,1.75
4.22,9.79,2.89,7.07,0.64,9.85,7.9,4.69,4.1,2.64,0.72,4.46,1.96
3.24,9.68,3.84,6.77,3.88,8.15,9.8,8.69,9.25,1.25,3.1,8.9,8.27
9.25,4.55,5.84,4.47,8.2,4.7,9.9,1.18,8.55,9.22,7.82,8.69,3.55
3.97,2.65,2.83,9.38,1.07,6.69,5.42,4.28,1.78,6.15,9.89,3.19,0.44
0.19,4.21,6.82,8.05,6.61,4.83,0.74,6.73,2.72,4.93,7.2,0.75,1.98
5.08,3.53,3.2,9.47,9.28,0.14,9.9,5.32,1.57,2.55,7.49,1.15,3.95
6.3,4.5,0.25,7.41,3.91,1.48,9.89,8.52,8.06,7.62,1.32,2.74,1.67
2.75,4.34,5.84,0.08,6.82,9.67,2.76,6.79,7.61,2.4,0.7,6.49,0.31
8.04,9.73,1.15,7.25,5.8,5.03,8.23,1.9,3.12,7.4,9.4,7.42,2.17
9.75,8.07,3.71,6.34,4.96,2.44,9.65,3.64,3.37,5.28,2.02,8.99,3.68
9.15,7.85,1.99,9.54,7.98,3.31,0.12,2.23,6.25,5.61,5.64,3.64,9.19
3.09,8.75,4.08,7.19,0.59,7.39,7.64,6.95,2.5,7.99,1.45,2.94,3.88
7.57,4.31,7.79,1.13,4.1,6.79,0.29,3.45,1.65,7.53,5.7,7.38,4.83
9.1,4.97,9.27,9.98,6.0,0.12,1.75,9.65,0.36,6.02,6.03,6.53,0.96
6.38,7.1,0.59,0.27,5.23,8.99,7.81,0.76,0.26,4.24,6.5,7.07,4.5
1.35,2.76,6.25,6.27,4.33,7.45,0.62,3.15,6.53,1.48,0.6,8.87,1.84
9.05,6.99,6.88,3.19,9.1,7.3,9.4,2.25,4.58,1.02,0.81,5.73,6.16
1.19,5.98,3.57,9.94,5.25,8.76,3.74,7.7,6.97,5.8,1.76,1.45,9.74
8.58,1.85,6.88,4.19,4.84,8.53,2.2,1.58,1.92,2.88,3.1,7.92,1.23
8.63,2.5,2.18,1.96,8.85,2.18,9.68,9.87,8.94,8.74,1.76,5.07,8.63
3.32,1.04,0.93,2.32,3.99,6.44,7.17,2.08,3.57,8.26,2.95,1.9,1.78
3.81,8.01,1.58,1.13,7.03,0.98,9.99,7.81,0.51,3.32,1.09,6.97,5.93
8.34,0.78,5.01,1.55,3.33,2.61,6.62,0.36,0.48,8.27,3.41,7.05,5.17
5.77,1.12,1.08,4.73,8.34,2.6,0.18,7.04,3.41,9.32,3.82,8.75,2.9
9.61,1.51,9.22,7.01,7.56,4.6,2.63,6.16,8.4,0.64,4.52,9.38,1.79
4.2,1.16,5.38,4.45,7.17,1.31,8.24,4.22,0.89,2.26,9.17,5.07,2.48
5.42,4.94,9.24,4.12,6.91,5.3,6.63,7.77,7.26,8.5,7.4,2.97,6.17
2.51,4.04,2.42,7.94,2.6,9.01,6.79,4.61,1.48,1.81,1.34,4.47,7.61
8.56,6.32,2.53,4.11,7.16,6.1,7.92,8.38,8.41,7.25,9.88,5.07,4.67
8.43,4.39,2.75,1.06,7.11,2.16,1.47,9.18,8.65,2.55,5.3,0.92,0.6
3.14,6.26,5.11,9.31,5.75,4.22,0.99,0.93,4.48,4.94,1.62,4.31,6.03
0.37,1.28,4.54,3.33,1.0,0.07,5.7,4.55,0.65,3.22,3.24,8.16,4.8
2.88,1.85,7.4,7.47,8.28,0.3,0.21,5.87,1.98,2.22,6.84,5.44,2.55
4.58,1.99,5.87,8.48,0.74,8.34,8.84,1.52,3.11,5.86,9.88,0.11,4.66
3.6,2.12,2.94,7.35,2.05,0.62,9.39,8.47,7.31,0.39,7.98,9.01,5.73
4.79,9.61,1.11,6.13,5.17,8.99,9.68,7.24,0.75,1.69,3.12,4.87,0.46
1.27,5.91,9.35,7.81,1.15,7.04,9.37,9.05,1.93,0.46,3.05,6.16,2.69
3.1,9.02,8.26,1.21,2.75,0.01,6.32,3.06,0.37,2.57,3.5,1.35,1.35
8.87,0.79,8.57,1.46,2.13,2.07,9.41,5.14,2.16,0.77,0.38,0.4,8.94
2.05,0.6,3.0,5.85,8.03,7.44,1.4,4.7,1.17,8.6,7.21,6.17,2.44
3.12,1.96,4.85,7.21,4.82,2.07,8.91,3.86,0.75,4.62,9.89,9.88,4.3
2.74,6.05,3.53,1.4,8.41,6.12,2.44,9.32,2.89,5.15,4.97,2.85,8.74
8.73,7.61,8.39,3.61,1.03,7.36,1.06,6.9,0.98,4.79,1.23,0.37,2.64
4.91,8.0,4.5,8.47,1.36,0.35,5.14,5.5,0.42,2.49,9.02,4.72,8.28
6.08,4.26,4.17,8.24,3.91,1.25,1.01,8.11,8.61,5.95,4.55,3.73,5.57
8.19,9.56,3.13,9.98,0.35,6.9,9.92,2.44,5.82,2.02,0.81,8.58,9.96
9.66,6.86,6.61,4.58,3.78,6.97,2.22,4.69,8.57,0.38,6.96,3.43,5.95
1.72,2.76,8.56,9.51,4.65,9.45,5.77,3.32,2.71,5.71,7.96,8.76,8.48
1.66,6.3,9.67,1.43,2.24,8.94,2.17,3.47,2.09,8.3,8.49,3.84,7.55
3.41,2.89,7.17,8.75,7.89,2.73,5.98,2.23,5.69,3.64,1.8,6.11,1.66
3.29,0.56,7.35,6.44,7.91,3.53,7.33,9.64,9.64,1.38,2.61,8.45,3.85
9.81,9.07,6.48,7.22,3.55,6.82,1.42,3.9,6.98,3.22,3.11,1.99,0.98
6.99,3.24,5.22,3.86,2.31,4.52,8.79,4.2,8.26,1.87,4.82,7.16,9.03
1.19,0.62,2.39,4.72,3.22,7.83,1.01,6.74,0.5,9.83,4.11,1.78,7.28
6.25,0.78,0.04,7.38,5.08,6.25,2.27,6.67,4.86,2.99,4.41,1.03,4.34
8.65,4.8,1.99,4.79,8.71,9.3,4.0,5.92,5.56,0.82,7.24,4.93,5.91
4.4,9.19,6.82,8.6,9.78,3.37,8.68,1.87,5.74,2.58,7.89,0.95,5.76
0.38,9.22,1.37,1.65,1.86,1.12,9.06,0.43,4.51,3.84,1.82,3.59,4.35
2.92,9.04,4.67,8.26,3.35,4.1,6.72,7.28,2.0,0.99,6.04,5.66,2.53
6.06,4.63,1.55,6.65,7.38,4.39,4.4,2.05,7.13,2.93,0.16,5.52,2.47
3.61,4.39,6.16,1.64,1.25,7.68,0.38,4.73,7.8,5.34,8.6,4.99,0.27
8.09,2.5,4.21,0.32,1.82,6.27,7.32,7.66,2.37,5.77,5.76,6.73,2.83
8.96,1.31,4.37,3.41,5.79,4.25,3.6,5.12,3.78,8.83,4.0,9.79,1.4
1.33,9.27,5.61,5.7,8.06,9.76,5.0,5.85,5.14,3.13,0.65,8.04,7.13
4.12,2.42,6.15,6.42,4.99,6.23,7.46,1.86,8.14,8.66,4.79,4.94,7.79
9.84,7.82,0.6,4.19,5.08,7.92,0.62,9.87,6.75,7.83,9.18,3.9,3.76
8.66,0.84,7.99,3.01,2.72,0.64,2.76,8.71,0.79,7.64,3.55,3.96,8.74
6.85,6.43,9.67,8.15,6.86,1.51,8.08,4.99,4.65,3.47,0.36,9.12,4.81
3.48,2.46,8.64,1.09,4.38,0.91,1.68,9.56,1.66,3.95,0.42,8.25,9.51
1.91,4.27,8.85,6.78,1.81,6.12,6.4,4.38,9.66,0.11,2.2,7.81,5.03
8.38,9.11,8.44,3.62,8.46,5.67,4.87,5.08,0.23,2.79,3.82,0.37,3.89
0.59,5.27,1.64,3.4,1.36,3.04,4.25,6.14,8.17,5.41,0.58,8.07,4.45
3.22,1.48,3.57,7.58,2.96,3.01,6.16,2.9,4.56,5.58,6.97,6.48,7.51
9.63,0.49,2.66,3.5,0.78,8.09,8.2,4.18,2.62,9.49,2.1,4.16,7.67
5.27,9.6,9.46,9.83,4.61,4.67,7.01,5.94,1.81,1.34,5.64,4.57,9.95
1.86,9.01,2.65,4.64,6.88,5.29,6.77,9.93,0.04,7.64,5.71,8.01,9.43
3.88,2.68,9.59,1.03,7.08,9.56,0.34,7.01,7.18,3.9,9.38,9.66,2.93
9.39,9.45,9.76,8.93,8.58,9.15,6.27,6.22,0.6,3.11,5.53,3.12,9.38
4.71,3.65,9.66,1.72,3.25,4.02,4.62,6.95,0.48,6.59,0.98,0.86,9.33
8.37,5.22,1.19,3.38,1.05,0.2,3.96,1.02,3.41,7.4,2.22,6.48,9.12
5.3,8.34,0.9,4.95,8.49,0.35,2.21,4.2,1.74,7.5,4.88,1.86,4.07
3.72,4.6,3.26,0.04,5.45,4.76,2.63,1.17,6.49,3.37,2.73,7.01,8.98
9.12,9.76,9.98,1.66,5.09,3.89,6.41,7.12,7.34,8.4,2.1,0.91,5.91
9.54,8.46,3.09,7.3,4.11,5.97,8.34,6.1,7.36,0.69,5.73,0.91,9.5
8.75,8.63,9.93,3.08,9.05,1.29,6.11,0.14,3.01,0.47,2.73,3.38,5.29
6.19,5.73,4.11,9.34,1.75,5.02,1.34,7.01,2.7,4.31,0.27,0.79,8.0
3.83,0.53,7.72,5.51,8.36,9.14,1.06,8.68,2.42,3.84,1.83,4.06,1.75
4.28,7.02,0.17,6.13,0.43,1.45,5.72,9.46,4.47,0.66,6.08,5.85,6.82
3.03,2.84,0.28,3.76,0.72,9.93,6.77,4.74,1.9,5.81,8.99,8.55,3.93
1.95,9.83,9.75,1.45,0.07,8.87,0.76,4.43,6.88,8.36,3.88,1.75,9.25
4.31,5.91,3.09,2.51,2.46,2.49,5.49,8.66,9.74,0.68,3.11,0.57,7.71
5.56,6.9,0.64,5.76,3.85,9.82,5.19,9.22,6.1,8.19,8.44,0.94,2.51
3.44,1.22,6.06,4.49,2.16,0.92,7.43,6.17,0.05,8.08,0.86,8.58,9.8
8.61,0.78,3.54,5.01,5.68,2.23,3.65,1.82,4.51,5.74,7.48,0.27,3.09
3.35,1.25,9.76,9.98,0.82,6.95,0.76,3.89,9.04,1.09,6.08,0.4,0.12
6.76,3.43,2.05,5.74,1.27,2.53,3.93,9.04,3.76,9.99,5.83,2.56,5.54
4.69,5.26,1.5,3.13,3.96,1.68,8.06,7.24,9.71,0.63,8.01,7.69,4.95
4.7,7.76,4.93,7.3,8.07,4.07,2.61,1.37,0.72,1.0,4.08,5.65,6.55
1.74,5.05,8.71,1.02,5.12,4.02,1.4,2.77,4.35,9.49,8.8,7.3,5.49
9.83,6.72,1.61,2.01,1.68,0.43,1.48,0.5,4.14,5.62,2.39,6.94,3.35
8.57,1.8,1.14,5.65,7.22,8.3,8.3,2.64,9.39,6.27,2.02,1.92,0.12
8.18,8.73,5.02,2.21,6.32,4.58,4.88,4.46,9.46,9.21,6.43,9.18,0.47
9.3,2.33,5.77,9.5,7.51,3.01,3.69,4.67,0.37,3.82,7.05,9.22,6.22
6.94,5.35,5.49,5.52,1.37,4.8,8.85,9.48,6.17,2.17,3.73,3.02,0.88
9.75,7.43,7.46,1.18,8.46,0.42,1.51,9.57,2.26,3.28,0.59,4.79,8.76
5.98,8.19,9.32,4.63,3.15,4.51,2.25,5.09,5.83,0.88,7.66,8.6,0.76
8.32,0.53,2.03,0.46,9.65,3.8,2.23,9.31,8.09,3.88,0.57,8.93,7.91
6.75,2.44,7.15,1.69,9.17,4.07,4.21,3.07,6.65,1.67,4.84,2.86,5.49
9.14,3.42,4.92,7.5,8.04,4.08,7.69,8.63,0.22,7.48,4.21,9.88,1.98
2.77,0.23,2.9,4.18,0.28,7.63,7.82,2.18,0.75,7.27,4.49,3.91,4.59
8.23,2.27,4.16,0.49,2.31,1.47,6.27,8.82,1.09,3.65,7.46,6.45,3.47
3.48,9.11,6.34,3.48,4.24,6.67,8.16,6.86,7.48,2.1,4.59,7.48,7.6
0.2,9.14,5.01,2.51,9.62,8.13,0.66,4.72,9.11,2.4,4.51,6.34,4.48
2.31,1.73,8.8,9.57,5.68,6.49,2.76,8.7,4.34,7.89,8.8,2.11,5.17
7.95,5.88,9.96,3.53,1.82,8.74,3.95,3.57,3.58,6.61,5.37,9.56,3.89
6.13,8.6,9.09,8.03,5.25,1.18,9.5,0.72,5.35,9.42,7.44,3.66,6.3
6.15,5.77,3.81,2.55,3.32,1.07,3.89,4.67,8.53,5.66,5.3,1.8,1.39
0.27,5.6,6.36,2.5,0.68,4.8,1.46,0.99,9.91,0.89,1.05,8.47,3.01
7.78,3.76,5.67,2.24,1.3,0.44,9.78,2.74,6.02,5.47,5.3,7.51,3.98
3.02,7.03,0.33,2.51,0.91,10.0,1.5,7.27,4.93,7.9,3.7,1.43,4.14
6.36,8.91,7.89,2.61,5.04,2.88,3.55,0.21,6.65,9.45,6.32,5.45,9.49
5.55,9.25,6.54,8.56,9.0,1.83,7.28,0.97,1.03,9.35,4.94,7.83,8.3
4.08,3.25,5.46,7.67,5.03,6.1,2.74,9.69,8.77,8.36,5.64,6.8,9.52
6.65,4.6,3.44,8.62,2.38,2.8,9.55,6.92,6.85,0.03,8.31,9.49,3.18
8.67,1.37,5.85,3.71,8.71,0.9,0.56,7.41,4.19,2.0,7.74,5.23,9.29
5.4,8.49,0.47,5.19,2.8,4.27,5.58,4.46,5.97,3.72,5.97,1.52,7.87
1.8,0.41,1.38,5.04,0.55,8.26,9.55,9.57,4.38,4.69,3.03,3.39,4.87
5.13,0.84,5.92,5.69,8.21,9.33,8.07,1.81,5.29,7.0,3.63,3.9,8.94
3.96,1.62,8.21,1.94,2.76,0.11,9.92,7.84,4.88,7.47,1.35,7.48,8.58
6.48,7.84,2.65,5.54,4.18,1.33,2.48,9.65,5.71,7.13,7.56,9.46,1.8
6.1,0.04,9.37,1.26,1.22,6.37,9.29,1.96,2.7,6.65,6.62,8.83,9.28
5.77,6.52,4.21,3.21,6.34,9.11,9.41,4.06,1.93,1.15,0.12,7.43,6.62
2.27,5.94,4.44,3.46,2.25,9.22,0.32,8.73,1.22,4.8,1.99,3.26,8.9
8.54,4.59,3.93,0.91,9.26,6.18,3.25,1.91,0.34,3.61,5.42,1.83,9.19
0.05,0.47,2.94,6.74,2.17,9.53,3.93,6.5,1.24,9.96,6.93,7.63,7.18
6.53,9.8,3.26,3.69,4.92,9.91,7.59,6.14,7.33,2.81,3.49,5.09,5.66
8.74,9.63,6.59,3.71,0.6,2.86,2.38,9.32,7.84,1.35,6.31,4.32,4.68
8.03,7.79,2.35,5.05,8.36,3.43,4.12,9.17,5.87,0.67,9.3,3.01,6.89
9.94,6.39,1.16,1.99,9.23,2.44,4.86,1.25,6.99,3.64,4.81,9.98,0.74
7.25,0.23,2.4,4.13,4.79,9.41,7.02,4.77,7.04,0.64,2.61,4.09,1.33
6.56,6.04,3.13,5.93,3.51,9.83,4.34,0.98,3.0,1.9,4.53,6.16,4.59
0.18,2.28,7.74,5.79,3.78,5.26,5.55,0.76,8.92,3.37,5.69,0.91,4.39
1.6,6.73,0.64,4.76,7.27,3.2,1.37,8.85,4.64,9.63,1.71,8.67,3.97
3.45,9.62,3.39,7.29,7.9,8.58,0.37,2.57,5.98,9.26,8.06,0.31,8.49
8.52,4.2,2.15,3.05,4.45,4.63,7.47,6.88,3.22,7.06,8.21,8.68,9.65
3.36,2.45,4.71,8.03,2.12,1.24,3.04,1.43,8.03,2.61,8.77,3.04,4.2
8.88,4.72,6.56,9.61,1.66,6.23,9.37,5.57,6.95,9.53,6.08,1.03,4.1
4.39,2.22,1.32,7.6,1.08,9.61,1.84,1.24,1.25,8.43,6.19,5.55,2.57
3.37,1.77,4.15,5.28,8.99,5.57,4.43,0.16,1.09,0.68,9.36,1.79,0.36
9.32,3.13,2.66,0.6,5.39,4.25,0.42,5.6,8.02,9.98,9.63,5.12,7.92
0.21,7.8,0.4,2.2,1.98,1.26,5.69,9.07,1.75,8.97,1.05,4.83,5.44
1.52,8.75,3.3,1.62,9.26,9.09,6.38,5.14,6.81,0.7,5.19,4.26,9.09
9.99,3.25,6.99,9.28,4.5,7.35,0.88,0.36,4.99,4.05,1.79,8.4,5.47
6.8,9.41,3.25,0.93,0.16,0.5,4.0,9.4,9.07,3.76,1.21,5.08,6.28
4.69,2.27,6.08,4.21,0.12,8.56,4.94,7.06,1.95,3.65,8.01,0.26,9.2
3.02,1.71,4.36,5.03,5.96,3.83,5.19,9.55,5.81,6.45,1.5,2.45,5.18
7.6,7.58,1.95,5.29,7.85,9.74,0.24,3.58,6.27,3.96,9.96,5.44,1.05
8.85,4.4,2.45,7.6,0.57,7.27,1.89,6.51,9.55,6.57,7.43,8.53,0.43
6.88,4.24,6.29,2.3,5.87,0.41,6.49,3.21,2.25,1.61,1.06,1.81,6.74
7.54,3.51,3.56,9.17,6.72,3.55,6.38,5.02,7.01,8.91,5.72,8.59,7.8
2.84,6.17,9.6,1.04,4.69,0.15,1.08,2.52,7.85,9.44,0.34,9.51,4.77
8.74,7.76,1.9,9.98,4.4,3.36,5.59,2.16,0.37,3.65,3.91,2.14,5.04
4.5,9.89,0.64,5.77,2.12,7.07,1.52,6.11,5.17,5.05,8.75,5.82,1.76
2.16,7.36,8.57,6.01,6.65,6.83,1.49,8.69,0.05,1.39,4.31,8.33,2.52
1.58,1.62,6.3,1.2,1.33,5.83,4.56,0.31,0.36,7.23,2.43,3.26,6.84
5.51,3.12,3.45,7.85,0.89,7.07,9.79,8.06,1.51,6.7,1.19,5.08,3.9
6.04,6.66,3.2,5.58,7.18,9.04,5.35,3.4,7.46,0.9,5.76,7.28,4.64
4.5,3.43,9.67,5.86,6.23,9.61,2.67,5.33,0.28,5.97,2.62,4.0,2.24
6.74,4.94,1.79,9.76,5.94,8.63,3.49,9.9,5.92,2.99,4.79,4.87,9.01
3.82,6.95,3.37,3.83,0.36,4.06,2.56,4.19,1.7,9.95,0.6,5.11,6.18
2.58,5.93,5.74,6.9,2.74,5.67,9.91,7.23,1.52,9.39,9.86,1.51,3.26
0.76,8.97,1.41,3.91,2.33,3.42,9.19,2.05,4.77,5.68,1.54,8.74,2.85
6.69,3.97,3.59,0.71,6.32,6.28,0.26,7.05,1.99,4.0,8.84,7.88,7.17
1.86,7.96,9.63,3.05,8.62,7.87,8.8,8.46,3.12,7.94,7.05,4.56,7.95
7.62,3.6,3.31,7.83,7.4,3.37,6.56,3.89,9.92,8.79,2.78,0.29,6.75
1.55,9.47,2.91,8.65,1.67,8.64,2.11,5.54,2.88,0.51,6.35,8.19,9.21
7.56,3.17,1.53,7.47,5.1,3.69,8.89,7.74,3.47,6.13,9.76,4.33,3.78
2.88,2.33,0.83,0.81,6.21,0.83,7.7,2.71,8.86,3.7,2.16,6.53,4.71
9.97,6.42,9.91,0.25,8.51,2.85,5.64,9.73,5.01,3.97,7.06,4.6,7.43
6.66,4.24,4.77,9.96,6.13,2.89,3.91,5.29,5.46,2.4,6.22,1.31,7.56
5.34,4.81,9.39,4.89,9.28,6.79,6.65,4.69,3.15,3.17,0.61,4.92,0.17
9.05,0.46,0.76,4.89,4.09,2.66,0.0,7.89,7.1,4.25,8.01,6.13,5.46
3.67,2.21,7.28,5.31,1.61,4.19,2.64,2.12,1.31,1.54,8.84,7.29,6.96
4.57,0.28,1.51,8.81,7.23,0.52,2.07,3.04,2.44,7.39,0.45,7.01,2.23
4.79,0.54,5.48,5.64,5.53,2.42,4.47,5.65,5.35,4.67,8.31,7.15,9.78
9.87,6.44,7.59,7.15,2.46,2.25,8.88,9.98,4.15,2.45,0.17,6.96,8.03
4.23,7.84,2.31,6.41,9.75,8.64,4.65,4.86,1.52,2.12,9.54,0.31,3.61
0.63,9.52,0.48,6.43,5.48,6.97,1.78,9.14,5.52,8.18,0.45,8.28,7.05
7.91,8.58,5.72,8.0,9.07,8.23,6.38,6.53,1.35,7.06,3.78,7.31,0.06
6.07,7.37,4.2,6.38,1.67,7.85,5.36,1.75,7.83,6.12,7.93,2.85,3.17
0.05,8.87,4.56,3.61,3.82,0.85,3.23,1.64,7.98,1.24,1.01,0.34,4.08
4.7,4.39,1.84,7.72,6.43,9.85,1.67,8.56,8.03,4.66,9.97,0.34,3.54
2.21,8.94,3.58,4.21,2.74,6.28,3.84,6.05,7.48,3.17,5.34,1.96,9.31
9.7,7.12,3.19,2.82,5.55,8.04,4.98,0.45,0.63,8.47,5.83,7.35,4.07
5.3,3.4,0.36,1.56,6.31,3.01,2.16,0.53,5.91,5.88,4.03,8.98,1.71
4.67,4.69,3.16,4.53,8.25,8.48,1.79,2.89,9.87,6.31,4.77,7.11,8.0
7.9,9.79,2.61,1.61,9.37,8.45,8.86,9.99,4.33,3.07,8.25,2.08,1.68
9.67,8.22,1.36,8.3,7.02,5.39,5.22,2.91,9.1,3.82,8.12,6.66,9.51
0.97,5.7,0.97,7.02,3.49,3.77,4.02,1.01,4.08,5.04,8.98,5.05,9.81
5.36,0.48,9.97,6.86,8.0,4.61,1.79,4.26,7.97,6.27,0.05,7.96,9.93
9.01,2.92,2.79,1.65,7.24,7.36,3.03,0.79,5.11,3.55,3.9,3.64,9.69
4.37,9.89,6.34,4.59,7.67,1.42,3.3,3.24,7.51,3.28,2.44,7.91,8.43
7.26,2.64,5.3,1.76,3.85,9.1,8.12,9.82,4.08,9.92,4.52,1.75,9.86
3.51,9.98,8.23,8.52,1.55,9.46,0.07,6.49,8.44,9.42,9.26,6.06,0.63
3.71,9.39,1.93,3.59,4.77,8.16,2.5,0.75,5.79,2.18,8.16,6.41,1.67
7.9,3.61,9.98,9.4,4.65,0.65,9.79,1.25,2.59,3.84,7.84,6.17,3.63
4.4,5.68,0.52,8.65,7.16,0.8,0.99,1.13,8.07,2.3,4.62,2.02,5.13
6.05,9.07,1.9,9.3,6.12,9.1,1.78,1.98,1.34,3.54,2.49,7.33,2.65
7.22,0.25,3.95,1.83,3.44,4.24,3.49,0.26,0.14,9.46,7.37,8.42,4.58
5.82,4.85,9.33,4.53,9.67,9.98,1.48,3.87,4.15,6.24,1.65,7.69,7.32
7.15,9.11,0.7,3.99,1.27,0.58,2.11,6.91,9.21,5.39,9.05,7.36,3.51
1.0,6.73,6.86,0.23,4.58,7.45,7.6,6.47,0.26,7.54,1.85,4.84,3.71
4.05,2.0,5.13,2.78,2.62,0.15,3.64,8.89,4.55,7.63,5.12,4.09,4.44
8.36,6.03,2.41,7.72,6.67,6.29,2.5,8.64,8.74,6.85,7.86,3.11,9.62
0.74,9.36,5.36,6.52,9.1,4.81,9.03,9.98,8.22,8.93,3.06,6.25,0.85
4.58,0.36,8.59,2.11,2.84,3.96,6.9,7.21,7.0,4.29,8.8,2.54,6.12
0.55,8.8,0.42,1.0,4.1,7.71,1.73,8.96,5.49,0.32,1.21,1.43,0.81
5.13,6.56,0.81,9.22,8.43,9.09,0.48,1.15,0.28,0.13,1.45,4.26,6.67
1.89,1.62,9.91,9.24,3.9,0.56,1.02,3.68,9.22,0.05,8.08,4.04,1.88
7.25,2.91,8.77,1.78,4.81,3.78,0.1,2.21,8.13,2.11,5.72,0.43,2.08
3.4,7.98,9.9,7.05,5.19,0.18,4.9,8.51,0.22,4.91,0.39,3.86,9.39
9.58,9.3,3.75,1.84,5.76,1.05,4.0,4.32,2.12,8.8,4.4,6.44,0.21
8.72,2.34,6.8,6.7,4.96,6.6,2.13,1.58,9.53,8.76,4.47,3.45,9.64
3.03,0.55,5.06,3.24,0.79,5.83,6.03,3.07,9.62,2.4,7.02,2.6,0.2
5.83,2.91,2.8,4.39,8.75,4.87,6.21,9.44,2.98,5.33,4.81,5.43,2.7
8.11,5.15,3.29,3.87,3.14,5.98,2.98,3.23,1.55,0.79,9.18,9.69,7.76
3.36,9.2,5.92,1.4,6.54,3.28,9.86,3.7,5.42,6.55,5.81,0.77,6.78
1.79,6.07,0.35,6.18,9.51,3.98,3.11,2.64,5.48,9.88,7.19,0.62,7.94
2.64,4.24,1.43,6.79,0.48,0.17,2.92,4.07,4.7,6.47,0.9,8.34,4.0
7.86,7.21,5.19,8.15,2.66,3.86,8.14,3.27,2.72,9.14,0.97,2.98,5.49
1.11,0.21,1.37,7.62,3.68,4.82,6.21,0.64,6.02,0.94,0.03,0.87,0.98
0.9,9.21,0.19,5.99,6.94,6.22,8.56,6.6,2.75,8.43,9.79,0.99,8.16
7.81,1.53,1.1,7.04,2.61,0.56,2.92,8.38,9.51,3.01,1.0,2.12,1.36
9.29,2.36,6.59,3.87,7.82,8.42,5.55,7.85,9.63,9.81,1.58,4.82,4.89
1.38,5.57,6.57,4.75,5.01,7.55,2.55,7.0,6.55,7.88,0.32,9.97,4.46
2.62,7.82,7.66,4.8,8.88,1.6,4.85,0.33,7.06,3.9,5.62,3.44,1.64
6.23,1.31,4.07,3.09,4.1,3.82,6.95,4.26,8.51,9.14,0.77,1.56,6.81
8.09,5.66,4.45,7.5,9.58,3.25,0.35,5.6,0.07,7.3,1.21,9.18,6.27
1.36,0.39,9.95,2.23,1.65,5.55,6.28,0.36,1.21,2.0,3.69,5.11,7.71
8.96,3.87,4.21,6.44,6.93,5.15,7.25,4.56,5.86,2.21,6.96,3.07,8.16
7.49,1.55,5.93,6.5,3.81,9.52,1.59,8.16,7.9,9.85,1.38,4.18,0.94
9.04,8.12,4.43,7.74,7.38,2.75,6.8,3.01,4.27,6.94,0.28,4.31,0.04
2.41,4.83,8.41,6.5,4.56,5.98,9.14,8.84,3.93,8.78,5.15,9.47,5.17
1.61,5.95,7.5,6.3,2.02,0.87,9.36,1.79,8.39,1.93,9.49,3.27,2.41
5.55,2.87,3.9,9.88,9.3,2.57,2.04,3.32,8.39,4.73,2.14,7.69,0.05
5.44,8.59,0.78,3.81,7.09,8.79,8.43,1.2,5.74,6.37,2.72,0.51,5.47
5.73,6.21,7.78,7.09,4.71,7.43,3.21,3.45,4.4,5.43,8.87,9.71,2.94
8.02,8.4,6.52,0.58,3.9,6.82,6.12,1.18,2.17,4.99,7.95,4.56,4.48
5.86,1.08,9.16,6.11,9.19,6.16,8.97,4.87,2.2,3.03,3.14,1.5,7.17
3.84,0.27,8.71,7.41,6.19,7.45,4.81,9.99,9.65,1.1,7.42,8.16,9.09
8.72,6.16,3.93,4.8,5.43,1.1,9.76,9.24,7.19,0.16,0.77,2.75,7.03
1.76,8.69,6.6,3.69,0.39,8.32,9.96,1.84,0.17,2.11,6.12,8.03,5.09
9.6,9.22,0.74,6.17,7.9,5.4,6.55,6.88,1.84,9.25,8.61,0.19,6.62
3.43,4.29,5.72,6.55,0.21,8.64,2.74,9.9,3.39,5.02,9.54,2.39,4.42
4.89,1.26,1.95,8.63,6.56,1.32,4.8,6.43,1.74,6.95,2.9,1.82,0.6
4.71,6.35,0.04,7.84,5.49,0.74,6.73,9.17,4.04,4.33,8.8,2.53,7.64
6.99,6.54,9.79,6.87,8.47,5.52,6.1,4.48,2.78,5.13,5.45,0.69,6.69
3.7,1.56,9.35,5.9,2.45,5.76,0.79,1.38,4.78,6.14,6.59,6.96,5.64
8.02,4.33,0.82,0.62,9.35,4.92,7.81,9.81,6.2,6.53,4.61,6.6,9.89
9.5,6.24,7.49,4.05,5.84,3.62,5.49,3.51,4.44,9.18,3.3,0.66,5.16
8.89,9.41,7.61,5.22,8.23,9.81,7.13,4.86,1.67,8.41,7.19,3.15,9.55
8.01,7.68,2.13,4.77,8.9,4.87,8.25,9.87,10.0,6.4,3.81,5.63,7.34
3.32,8.09,5.89,9.48,7.24,1.87,7.46,5.16,6.36,0.25,3.01,7.56,2.1
5.55,6.19,3.24,3.36,5.07,0.28,4.56,1.57,8.98,0.28,9.52,9.51,4.98
6.06,9.62,2.51,1.62,0.23,8.35,7.51,8.47,8.68,3.48,3.81,8.34,1.97
5.13,5.23,7.92,0.71,4.13,0.75,8.55,2.63,4.6,4.91,2.36,2.32,9.72
5.12,0.57,3.34,6.58,8.13,4.61,9.5,8.88,2.94,1.31,1.27,8.01,6.31
4.28,8.52,9.6,9.62,1.58,8.27,9.31,2.19,9.89,5.83,2.09,0.02,6.21
1.03,9.0,8.54,4.66,1.05,9.76,4.57,0.92,2.67,1.16,4.76,9.36,0.1
0.32,2.78,8.77,2.48,8.64,8.28,5.81,8.02,8.29,4.38,4.28,5.4,5.08
5.95,2.46,9.12,6.76,5.27,3.7,8.4,2.47,3.76,0.12,3.82,5.86,1.27
9.6,3.69,6.52,2.21,8.3,4.69,2.59,2.41,2.49,4.62,7.06,0.81,1.88
9.96,9.59,2.18,6.82,8.6,0.46,2.36,1.86,8.45,1.48,4.86,3.45,0.54
1.33,4.51,4.4,3.26,8.78,7.95,0.87,1.81,0.1,4.67,2.38,1.77,4.15
8.88,7.65,8.11,9.97,1.78,6.56,3.13,7.5,1.08,8.29,5.77,1.59,9.79
5.48,9.29,4.23,5.15,1.23,8.32,1.33,2.59,0.0,9.2,4.99,7.3,6.29
8.9,1.24,1.64,3.9,6.42,7.14,6.23,7.62,9.08,2.26,0.52,1.2,5.39
8.76,3.57,6.82,2.52,1.9,2.92,5.69,4.72,2.0,3.43,5.92,5.1,7.92
4.1,4.01,2.64,5.47,3.75,1.48,1.92,0.15,4.32,8.94,6.86,7.32,6.87
2.9,6.14,3.33,0.21,4.16,2.5,8.83,9.13,0.68,9.86,7.84,4.65,8.43
4.11,3.42,0.06,5.01,8.52,9.97,9.91,5.3,8.8,9.58,8.81,9.41,2.17
6.09,0.69,9.62,0.11,5.29,3.02,0.51,4.57,9.02,3.85,5.59,8.24,2.3
0.57,3.89,3.06,0.11,0.32,1.53,9.95,8.25,4.6,4.13,4.52,3.19,8.88
2.84,2.23,2.28,2.68,7.29,7.46,3.08,6.75,0.79,9.38,0.67,8.21,1.19
3.81,9.34,7.57,0.65,3.5,0.78,3.56,6.66,3.26,9.8,2.82,4.59,8.06
3.77,6.79,9.23,6.43,8.5,3.62,5.98,1.48,2.9,2.18,5.46,3.15,5.59
7.83,4.02,1.58,8.47,1.65,3.45,9.85,1.31,8.81,8.36,5.62,1.49,1.88
9.29,6.86,6.5,6.78,8.56,2.86,8.59,7.6,3.86,4.24,2.86,8.77,1.86
6.78,1.36,9.06,0.64,9.26,2.23,9.18,1.89,8.6,4.42,9.42,0.03,8.25
6.23,7.46,1.53,5.88,9.71,4.81,2.19,9.27,8.36,6.79,6.02,1.73,3.1
3.6,3.83,7.5,2.05,1.88,3.7,7.15,8.64,7.82,9.68,3.37,7.18,7.0
1.21,3.44,6.43,9.5,9.85,9.55,4.37,1.8,0.63,0.47,2.86,1.21,0.34
0.62,9.99,3.23,5.46,1.18,6.24,0.86,7.85,7.79,1.59,5.41,2.98,1.73
2.62,0.93,5.16,7.15,2.41,7.93,9.37,2.08,9.01,4.78,4.24,3.51,1.48
8.41,5.13,1.6,9.41,0.55,2.02,1.75,3.27,6.66,5.63,8.23,7.41,7.25
5.15,9.59,6.82,1.0,7.4,9.18,1.47,1.69,5.77,9.33,1.49,3.99,0.72
7.59,5.96,8.37,1.55,4.48,0.7,9.58,2.73,7.59,2.72,5.12,4.72,1.82
9.69,5.43,7.85,1.96,9.1,3.72,6.54,2.13,0.77,7.05,6.02,7.55,2.86
4.74,6.64,6.23,6.21,5.33,4.62,4.43,3.88,2.68,3.36,7.39,6.87,7.28
8.7,5.05,6.17,3.6,9.63,5.67,2.59,2.92,8.89,8.16,9.35,5.77,4.84
1.34,2.08,0.34,5.41,3.77,2.96,9.84,9.61,0.53,2.33,4.17,8.64,2.95
3.96,1.82,1.14,7.76,9.14,8.45,2.35,9.98,0.36,2.47,2.87,9.5,0.56
4.83,3.42,5.72,9.03,6.61,3.77,2.74,1.58,8.12,5.39,8.29,4.29,2.69
9.81,9.71,0.85,0.43,0.88,7.4,9.84,4.52,7.28,5.96,0.2,7.81,1.86
1.12,3.2,5.12,2.69,6.63,7.51,0.17,9.68,9.94,7.03,4.51,6.92,4.41
0.63,2.71,0.99,3.51,0.55,0.01,8.07,0.88,7.37,9.55,3.8,9.22,8.72
0.11,0.22,2.94,4.45,0.73,6.47,2.69,7.16,3.35,5.32,8.82,5.8,1.73
8.89,1.98,1.79,2.63,3.77,0.48,3.6,0.71,1.25,0.01,3.34,6.2,5.74
8.63,3.49,8.28,5.53,5.87,6.8,9.01,2.79,2.94,2.48,5.25,8.39,6.46
1.05,4.74,4.55,9.98,0.59,5.49,0.26,7.38,6.47,6.09,4.2,3.03,0.77
6.35,0.59,3.31,1.88,1.76,9.09,0.71,2.67,5.15,6.41,3.56,2.52,6.94
8.25,7.2,3.94,9.47,6.64,8.79,3.59,5.79,7.6,1.24,3.72,9.77,3.31
5.58,3.05,8.47,2.34,9.72,1.03,3.59,0.57,8.75,0.19,0.17,5.16,0.17
2.25,0.89,1.92,6.41,2.42,7.33,1.85,6.16,5.39,0.56,9.67,7.63,5.83
9.36,4.95,0.84,0.85,1.46,9.14,2.6,6.97,5.37,1.88,1.38,3.78,7.47
7.4,1.56,7.94,4.22,4.56,7.01,4.67,3.28,1.13,3.76,1.62,5.25,1.13
9.95,1.7,1.42,1.91,4.1,4.14,0.9,2.15,4.5,8.76,6.81,7.66,5.42
9.51,9.9,0.79,4.65,2.54,6.34,1.32,5.43,5.17,6.23,7.9,6.2,0.61
5.7,5.6,9.79,8.92,6.55,0.41,1.63,6.4,6.39,2.68,7.92,9.91,5.62
5.89,0.74,4.84,4.02,9.34,8.77,9.8,7.36,8.15,3.22,4.56,8.85,2.26
3.39,4.81,0.95,5.32,7.64,9.21,9.69,9.23,2.39,6.83,3.79,6.76,2.06
1.61,1.58,4.62,1.9,5.59,5.27,8.66,9.51,7.82,7.79,0.74,9.09,3.96
9.5,6.92,8.51,9.9,8.63,5.08,7.61,4.36,9.33,1.89,7.8,2.33,1.81
6.78,8.21,3.13,4.94,9.38,4.67,7.0,7.6,3.84,9.74,1.42,1.65,5.55
0.12,6.43,0.59,2.1,7.05,0.35,9.28,4.28,8.82,1.28,6.4,7.44,1.39
4.0,4.22,5.77,2.46,0.05,4.49,8.59,3.28,9.38,8.23,6.29,0.62,4.21
6.99,4.11,5.58,0.42,6.78,4.13,6.86,3.61,9.39,2.49,4.43,5.25,3.13
7.66,4.26,0.76,2.42,2.34,7.28,2.74,4.28,4.64,3.61,4.33,4.69,4.43
4.66,2.51,8.97,5.16,2.96,7.85,4.03,3.44,0.84,5.87,4.34,9.33,2.74
0.72,8.83,6.82,4.57,8.46,7.55,3.32,1.26,0.88,5.79,3.07,5.06,3.13
4.24,8.54,5.49,1.53,7.29,2.33,4.79,2.93,5.11,2.09,0.63,9.0,5.89
2.85,8.85,1.33,1.88,3.83,9.77,8.55,7.37,8.08,5.11,1.11,0.1,2.77
4.91,4.13,6.68,9.5,8.97,6.76,7.22,7.46,4.57,0.97,4.0,5.5,1.77
7.3,9.82,2.13,5.85,3.03,9.2,7.6,6.14,0.3,5.57,3.14,6.23,5.32
0.1,8.17,3.1,3.33,3.38,5.65,4.65,9.43,7.23,4.21,8.89,8.03,5.1
7.94,9.93,6.95,8.77,0.19,8.63,7.62,3.94,8.23,6.52,8.61,5.19,0.99
5.99,1.76,4.06,9.08,8.54,6.46,8.84,9.95,7.66,5.57,8.09,3.38,1.32
8.78,9.42,4.72,6.69,5.42,0.18,5.16,4.46,5.88,4.14,1.93,4.18,7.11
3.45,6.04,0.81,6.18,9.39,5.4,2.66,7.1,2.77,6.8,4.86,8.56,9.1
9.36,0.06,9.14,8.61,8.49,0.62,5.42,8.67,4.26,7.27,4.95,5.48,8.54
3.58,0.35,4.98,0.16,5.87,5.89,4.5,3.02,0.15,8.68,2.16,3.69,7.26
8.46,8.27,8.24,1.43,0.79,5.42,8.83,3.78,6.3,3.51,9.88,3.75,0.26
3.42,6.05,4.94,3.0,4.03,0.68,2.1,2.39,6.8,6.03,7.01,3.59,3.66
3.45,4.45,4.68,3.19,0.56,8.57,6.97,2.75,0.73,5.95,4.36,6.29,6.53
8.09,4.35,0.48,0.09,4.57,7.38,5.16,4.27,5.74,3.88,1.05,8.81,0.06
8.59,3.15,3.07,7.89,9.71,9.76,0.51,3.26,1.12,7.35,9.44,3.71,8.73
7.11,3.14,2.6,0.05,1.54,7.97,3.35,9.48,2.56,2.5,9.98,9.19,7.83
5.26,9.96,1.14,0.96,8.53,1.21,8.6,3.86,0.77,5.16,8.48,2.99,8.51
3.35,6.92,7.24,9.03,5.2,6.33,0.72,6.43,0.53,3.36,4.71,1.16,9.43
0.12,0.8,4.48,8.84,7.9,8.15,3.36,0.08,1.25,7.33,2.62,4.33,5.54
0.48,1.71,9.31,5.82,3.18,3.49,6.63,3.97,0.74,3.28,7.8,5.27,9.58
3.09,3.14,9.05,3.49,5.6,7.08,0.1,1.25,3.0,3.43,4.04,6.78,6.28
2.08,2.25,1.86,4.43,0.59,0.33,7.3,1.03,1.29,7.35,2.76,4.94,5.99
8.64,2.69,7.08,0.25,6.63,4.61,3.25,8.49,6.4,3.32,4.38,9.42,9.5
8.93,7.17,1.89,3.56,7.2,7.76,2.5,7.42,5.29,4.95,7.79,8.97,2.82
4.11,4.12,7.38,1.57,2.95,7.37,5.68,7.42,4.28,6.93,1.48,2.21,3.28
1.56,3.72,4.7,0.63,7.48,1.2,0.45,9.94,3.16,3.03,7.08,5.5,8.34
1.2,5.82,9.37,3.32,8.64,3.5,0.99,4.52,1.1,3.29,5.81,8.9,6.33
2.6,5.6,8.98,7.43,7.91,6.15,5.83,0.43,3.08,9.54,4.84,7.95,2.02
6.29,2.91,3.51,6.11,6.4,0.03,7.91,3.04,3.69,4.57,2.55,8.16,3.08
4.69,0.46,9.38,3.66,3.46,4.21,1.4,8.95,6.11,6.14,7.04,6.84,8.46
9.66,2.21,2.41,4.95,3.0,9.52,8.32,2.05,7.45,5.92,8.87,6.17,5.16
9.62,4.7,8.94,2.15,6.92,4.62,4.7,0.93,6.88,1.8,2.1,3.2,2.81
7.11,1.85,4.92,6.95,7.43,0.59,3.37,7.31,9.93,1.81,3.98,3.86,9.05
5.1,4.5,7.66,8.34,1.11,0.91,8.03,2.82,0.76,3.43,5.06,4.32,0.5
5.35,7.2,1.67,0.36,8.0,2.54,3.9,9.94,2.75,4.9,0.98,4.51,4.59
4.87,3.29,3.82,1.61,9.75,9.97,0.5,3.37,3.4,4.22,3.92,7.53,7.96
7.01,2.04,8.44,9.75,6.43,1.87,9.23,5.25,9.44,4.88,5.43,3.74,9.66
9.06,2.28,5.81,7.9,1.57,6.25,3.77,7.31,3.58,3.98,7.49,7.7,8.98
1.3,1.75,9.13,3.4,9.13,8.49,2.96,4.36,4.68,5.67,8.48,0.97,6.69
8.42,1.28,8.17,9.13,0.81,4.74,7.05,3.79,0.23,0.57,3.01,0.47,1.94
3.23,5.87,5.56,4.37,9.78,5.45,7.08,5.3,5.52,1.16,6.92,4.18,4.78
8.3,7.95,1.37,5.94,0.37,5.26,0.3,6.11,1.67,4.28,2.57,2.9,3.18
7.59,3.33,0.16,8.62,4.31,2.7,7.48,0.51,4.65,8.75,6.93,5.32,3.07
6.15,7.8,3.76,6.94,4.27,9.36,8.6,5.83,9.49,9.82,2.08,3.41,4.61
3.29,4.9,0.43,7.64,8.6,8.14,3.26,0.41,6.29,8.66,7.37,1.82,9.69
6.77,1.15,7.86,1.07,3.52,8.48,0.28,7.32,1.24,6.47,8.28,8.69,1.69
4.57,9.71,1.7,2.66,5.24,8.87,0.99,6.11,3.74,4.78,7.69,6.26,8.04
4.4,7.57,0.88,3.13,6.09,7.76,1.62,0.28,9.36,0.27,8.16,4.09,8.2
2.29,3.82,6.06,1.32,9.58,5.63,5.98,8.45,1.42,8.35,0.65,2.34,5.09
8.17,4.63,9.2,8.34,5.6,6.44,5.41,8.85,4.84,2.6,2.94,7.76,4.17
4.37,1.95,6.29,8.37,1.05,1.49,6.45,0.24,1.22,1.16,3.4,6.11,5.54
0.54,5.23,8.45,4.47,5.28,2.06,9.92,9.66,5.32,1.0,0.79,2.43,8.97
0.62,0.57,2.96,9.86,7.83,7.88,5.61,5.08,3.15,5.42,6.95,9.33,5.8
8.78,2.88,2.32,7.54,5.02,1.65,4.5,9.35,2.59,2.39,0.18,8.75,5.96
6.18,3.32,7.72,9.5,4.18,4.51,5.13,1.1,2.79,8.53,5.75,5.12,7.94
1.7,5.25,4.11,9.16,1.83,3.51,9.33,1.83,2.02,0.99,7.07,5.13,8.33
6.47,4.45,7.58,1.8,0.17,2.31,7.62,8.17,3.59,7.34,4.9,9.95,8.4
4.91,4.27,8.97,3.29,8.29,3.12,8.98,2.36,3.52,0.25,1.01,8.58,7.42
7.55,0.91,0.38,4.48,3.21,8.85,8.71,9.21,3.76,6.54,8.89,7.44,1.54
9.51,9.41,6.6,7.98,1.24,3.44,5.72,4.02,8.63,2.43,5.31,8.2,2.14
6.36,2.63,2.87,3.55,4.18,3.8,6.48,3.64,6.65,8.73,5.64,1.72,5.03
8.62,8.45,0.7,6.7,4.68,6.78,1.11,2.64,4.0,3.03,9.19,4.69,7.04
8.57,4.16,0.14,9.23,0.47,7.48,6.73,6.43,1.8,4.62,0.29,5.49,9.67
4.34,1.36,4.68,8.92,8.18,4.02,9.56,1.96,8.13,1.13,8.83,3.42,2.6
9.38,1.48,7.24,4.33,2.99,9.55,0.26,2.56,3.26,4.85,6.25,0.76,9.05
0.31,5.92,3.73,9.2,5.31,5.31,2.16,8.0,7.06,0.01,1.47,7.43,8.27
2.66,2.17,9.68,5.35,1.62,7.0,9.8,7.75,8.05,4.67,8.48,0.18,6.04
4.97,3.82,7.02,3.76,9.37,0.72,6.62,1.41,4.63,8.82,2.98,0.17,1.03
9.53,1.49,8.79,6.76,0.25,5.79,6.28,3.15,0.66,0.1,6.05,5.77,7.6
4.09,2.75,3.55,9.41,7.71,1.39,7.97,7.64,7.94,7.08,1.46,5.54,4.03
6.01,6.13,6.36,2.29,1.56,4.74,3.38,5.14,9.6,6.16,7.06,8.89,5.22
6.66,6.16,6.31,2.51,8.28,7.93,2.98,2.54,1.45,5.29,4.62,7.86,5.5
9.73,3.03,5.44,1.7,1.58,5.07,1.36,2.34,6.38,2.71,7.17,0.91,6.79
0.4,3.02,6.18,5.44,6.79,7.67,2.0,1.52,6.99,1.08,8.56,7.53,6.55
8.86,9.96,5.08,6.44,7.05,2.26,2.3,7.08,6.93,8.72,2.45,1.21,5.0
2.02,7.02,7.49,9.1,0.02,3.11,9.62,7.68,1.04,1.44,2.73,2.66,4.47
8.2,1.46,9.86,5.62,5.65,9.83,9.42,4.75,1.47,9.94,5.33,1.33,6.42
8.68,3.73,5.81,1.99,7.49,2.27,1.11,2.45,0.85,8.87,4.73,0.93,3.62
3.68,2.65,2.24,7.38,5.91,8.0,3.05,1.99,1.57,5.24,0.48,9.95,6.13
5.01,1.77,6.9,9.5,8.16,5.1,1.53,2.24,9.92,7.73,5.8,3.05,3.03
4.58,2.13,3.73,9.62,3.69,5.19,0.31,7.62,5.71,3.15,6.31,8.88,7.26
0.98,2.41,4.73,1.94,6.79,3.48,9.95,0.74,2.43,5.12,3.91,3.69,6.08
5.75,4.65,1.29,0.96,3.43,2.36,1.88,3.62,5.49,2.39,2.67,0.91,2.46
4.96,6.62,4.53,3.4,5.09,9.06,5.11,2.88,2.33,4.93,9.5,7.33,9.61
5.58,7.98,8.02,6.17,2.64,6.71,1.24,5.61,7.48,6.72,3.62,6.69,3.3
1.65,2.61,5.37,7.84,4.48,6.68,4.08,9.69,4.71,6.75,0.91,6.53,8.5
8.01,8.42,8.84,9.63,4.63,7.72,0.77,1.14,8.9,9.36,2.25,1.06,4.06
6.63,1.17,0.28,3.68,4.4,8.9,2.78,2.39,1.27,6.29,2.16,2.2,5.02
8.21,1.15,8.9,7.95,3.13,0.97,4.82,4.22,9.71,2.95,9.03,0.13,6.8
9.47,6.49,5.43,3.83,4.28,0.44,2.77,7.74,1.1,3.95,8.4,1.74,7.67
6.98,2.8,6.34,1.94,6.93,7.06,7.26,6.82,7.97,2.33,8.81,1.18,1.42
7.93,7.49,0.41,7.04,2.21,4.22,1.9,8.03,0.52,8.2,3.85,7.54,6.18
8.16,8.14,6.13,4.08,7.49,8.01,6.02,2.35,5.44,5.54,2.07,8.34,1.87
8.9,2.46,4.15,3.35,7.76,5.11,6.35,4.35,6.38,6.6,8.68,4.32,5.14
8.79,4.99,2.53,4.45,8.42,7.25,2.61,5.61,1.16,9.94,9.2,0.95,5.22
7.67,3.55,1.42,0.8,3.4,6.92,2.51,1.25,5.37,8.34,8.57,7.57,9.02
1.94,9.56,6.65,0.45,7.72,2.59,9.3,4.43,6.82,8.6,3.01,1.75,5.0
8.93,3.78,3.71,5.4,6.75,1.32,3.75,2.68,2.34,5.63,4.96,9.38,5.37
1.29,6.08,0.71,8.16,1.01,2.51,5.3,5.99,1.55,7.02,2.82,7.32,6.52
6.5,7.39,6.34,5.43,0.85,1.22,0.51,3.53,9.51,4.06,9.8,1.16,7.51
7.67,5.45,5.59,5.94,9.67,8.72,4.31,6.6,7.85,3.12,1.23,6.12,1.19
9.46,7.23,4.66,9.4,3.0,5.81,8.96,4.42,0.97,0.59,0.26,9.61,8.91
7.13,0.14,2.32,8.46,4.87,0.89,9.96,5.84,1.7,7.89,8.36,9.36,6.81
3.83,4.65,0.28,3.44,6.11,5.59,3.81,4.85,6.79,9.56,0.26,7.32,9.87
9.52,9.92,3.42,0.59,9.02,3.11,3.94,5.56,6.87,4.78,7.64,5.59,6.46
6.34,0.04,4.3,9.52,5.97,8.87,8.58,7.87,5.9,8.38,1.4,1.58,6.9
0.81,6.31,4.97,4.44,1.55,1.56,1.75,7.27,0.3,2.8,6.66,2.19,2.16
1.14,3.9,2.05,3.66,9.04,5.94,7.28,4.64,0.38,6.1,0.93,7.18,7.5
4.81,2.7,6.5,4.35,4.47,8.63,9.95,4.45,9.93,5.09,5.41,6.79,2.9
6.39,4.42,6.03,6.28,6.46,0.0,4.18,2.46,5.21,8.78,5.36,7.21,0.11
3.98,0.92,8.09,1.17,8.16,4.91,3.8,3.62,4.63,3.98,6.98,8.09,8.04
2.25,0.78,6.61,0.14,5.02,7.92,0.04,0.81,5.66,6.33,2.55,6.16,7.41
1.49,9.8,0.1,0.41,1.75,0.79,9.98,4.48,3.38,5.78,7.77,4.32,1.72
3.97,4.06,7.57,4.14,7.57,3.07,2.79,9.25,8.88,2.25,1.77,3.55,2.04
8.66,3.11,7.52,8.68,7.27,5.46,0.6,0.62,6.33,4.24,6.89,4.28,4.23
9.56,0.81,3.39,9.1,7.41,9.06,2.04,9.57,1.46,7.84,2.09,6.62,8.27
2.84,6.24,1.73,2.95,1.65,3.79,5.93,1.52,4.56,9.19,2.34,8.0,8.02
8.51,3.17,0.25,1.69,2.11,0.26,8.11,0.5,6.6,1.47,9.58,4.47,5.57
4.02,3.47,0.49,0.38,9.1,8.79,5.42,8.24,7.82,3.39,6.37,7.83,3.13
0.46,3.51,5.54,9.38,4.83,1.71,7.53,9.1,6.16,2.32,9.82,2.17,1.14
3.05,8.55,7.84,4.25,4.84,2.26,1.56,4.76,7.6,9.06,4.98,4.75,2.94
3.78,6.99,1.19,0.98,0.61,0.05,0.52,3.89,0.4,3.92,4.65,2.48,2.83
0.88,9.9,8.72,9.41,6.33,5.03,9.62,1.39,2.6,4.46,3.92,0.12,5.19
8.84,2.26,5.44,3.05,3.54,4.39,2.04,3.37,4.8,1.29,4.5,3.2,9.04
8.19,5.13,9.23,3.44,0.34,0.15,3.26,0.41,0.58,8.32,3.39,7.05,3.56
5.35,9.81,9.28,6.37,3.7,6.0,3.88,7.13,6.11,0.87,5.77,2.56,1.37
6.08,1.52,5.97,8.96,4.43,1.41,6.32,5.26,7.34,0.55,7.05,3.71,6.83
1.23,2.28,8.56,2.47,0.63,9.6,6.12,5.63,0.19,9.26,4.55,9.15,8.67
3.15,5.76,6.93,7.04,4.56,6.12,1.01,0.44,5.96,2.74,1.76,3.77,6.19
4.11,7.55,4.71,2.58,5.48,4.71,7.46,8.63,8.93,5.25,4.15,8.83,2.14
0.76,2.61,2.96,9.72,5.47,7.22,0.84,8.95,9.54,5.48,2.16,7.29,6.19
2.17,2.78,4.27,7.33,0.8,5.74,3.16,3.95,2.32,9.47,8.3,5.72,4.22
5.03,2.59,3.09,0.49,1.84,7.14,0.27,1.31,8.67,8.46,2.24,3.79,0.47
0.73,7.36,4.0,1.66,0.85,0.12,4.08,9.58,0.57,5.5,9.61,2.97,9.75
2.06,6.35,9.12,7.95,8.24,0.63,2.07,5.63,5.71,3.0,3.09,7.15,5.4
8.61,2.28,4.52,7.64,4.96,2.43,3.67,7.68,8.23,3.68,5.91,0.45,6.46
6.17,9.4,8.15,6.28,7.3,4.88,4.71,6.85,7.76,2.65,1.78,6.3,1.53
9.35,4.79,2.55,4.7,5.0,7.57,7.54,7.45,8.09,6.51,1.4,2.42,5.78
9.45,8.79,0.2,6.6,7.16,8.21,0.82,3.82,4.24,4.53,8.49,0.62,5.79
5.14,4.11,7.45,7.12,9.16,1.75,1.64,2.39,7.64,3.1,2.81,0.27,9.59
6.29,8.28,7.41,2.25,1.72,4.15,2.42,1.71,7.0,1.58,1.74,7.49,9.87
1.22,6.87,5.18,4.01,5.31,0.91,3.91,4.15,3.94,7.79,5.77,8.3,4.09
8.67,4.04,0.21,3.09,2.56,9.31,8.74,5.22,6.63,4.08,2.19,9.47,2.79
4.33,1.63,7.09,8.47,3.03,8.14,6.63,5.64,4.64,8.65,6.46,9.72,8.5
2.25,0.71,0.16,8.91,0.67,9.39,9.89,2.18,9.63,4.84,2.66,0.89,1.62
8.03,9.28,5.29,2.38,4.82,9.98,6.37,1.29,8.69,7.2,1.02,5.84,9.47
7.48,8.42,5.21,0.23,5.57,9.94,0.2,6.39,7.08,8.58,1.8,0.88,1.89
4.11,0.16,9.83,6.75,7.36,8.52,2.83,3.05,2.44,8.96,5.17,6.44,9.47
2.65,3.0,3.54,0.5,1.63,4.51,1.48,0.03,0.64,6.5,5.91,8.49,4.38
1.71,1.38,6.52,3.72,1.52,1.49,9.5,0.9,0.24,2.84,7.1,4.52,6.61
9.78,4.95,9.06,6.09,1.55,7.02,5.96,2.01,4.83,2.33,8.03,5.31,6.12
7.22,8.67,3.0,1.83,9.69,6.56,8.7,7.68,2.79,2.48,7.9,4.47,1.11
9.95,7.39,5.79,3.88,0.77,2.55,3.73,1.88,2.89,1.06,8.47,3.86,3.49
9.67,8.48,3.27,0.55,8.2,2.64,8.98,2.05,7.03,5.1,9.73,2.79,1.12
9.57,4.04,2.49,7.11,8.72,2.44,7.71,4.95,3.87,2.19,6.34,3.75,8.34
8.18,6.36,0.7,7.62,3.05,7.51,8.59,0.75,8.72,5.92,9.89,0.08,3.04
6.24,3.22,0.34,3.96,0.03,4.34,3.92,5.46,7.99,6.0,9.31,5.39,8.09
8.07,0.24,1.8,2.41,2.25,3.08,6.9,5.49,4.29,4.48,8.26,6.27,0.77
8.07,2.71,4.83,9.61,2.5,3.44,1.65,9.32,5.43,5.92,5.74,6.89,9.12
8.83,0.06,1.47,7.13,2.39,3.77,9.21,4.36,5.12,6.09,4.62,2.05,3.02
5.75,2.65,5.97,9.44,4.8,9.26,4.24,1.1,9.43,7.65,7.9,0.88,9.0
1.21,2.93,6.19,4.99,9.62,8.2,8.49,0.35,1.88,6.58,6.65,0.69,2.04
3.85,1.48,8.43,4.65,3.33,9.35,4.12,7.28,0.52,5.87,3.97,6.82,3.87
4.01,3.95,6.49,2.76,0.39,5.17,6.73,7.38,4.36,4.91,9.22,2.76,2.96
6.06,8.73,0.07,1.91,3.72,2.12,4.41,7.84,7.43,4.92,3.04,5.89,1.79
1.13,8.12,4.38,7.9,6.52,8.18,5.42,0.27,4.34,0.2,3.6,8.09,0.18
3.85,6.8,3.87,1.24,6.76,3.19,4.74,4.71,2.11,7.6,9.09,5.86,1.55
8.67,2.67,7.03,3.33,4.19,9.93,5.14,0.58,1.95,1.03,2.32,2.48,8.21
1.54,0.06,4.15,6.85,4.07,1.78,9.27,3.33,8.49,7.5,2.98,4.09,4.07
0.26,8.91,2.64,4.73,7.23,4.9,0.55,8.38,5.9,2.75,6.5,7.2,4.07
6.44,6.57,0.99,2.88,3.82,1.22,9.73,3.26,4.78,2.86,2.37,4.55,7.05
3.16,8.61,9.81,4.2,0.1,0.27,7.92,0.77,5.19,3.28,7.07,7.19,0.14
5.17,8.15,4.53,2.32,0.83,6.94,1.63,3.23,2.35,9.76,9.24,7.09,3.27
2.67,5.1,3.43,2.74,1.63,3.91,7.45,4.43,3.68,7.89,8.42,9.27,2.16
6.74,4.3,3.63,2.53,2.79,5.6,0.72,8.81,7.24,3.11,2.02,2.9,1.06
8.0,1.85,5.79,6.73,8.59,0.2,0.77,3.57,3.61,5.3,5.76,3.51,7.8
0.91,9.78,5.52,8.34,3.68,1.25,0.19,1.9,6.5,1.89,9.64,5.83,2.08
7.03,9.85,9.43,6.64,9.3,3.31,4.53,7.58,9.74,0.48,3.97,6.45,1.4
2.66,8.86,3.97,0.26,0.27,9.21,0.91,7.14,1.31,7.8,1.08,3.58,7.98
2.51,9.62,8.48,3.94,3.48,7.37,3.87,0.07,1.47,3.79,5.57,1.07,7.56
8.42,5.46,5.76,4.25,4.71,0.01,4.66,7.17,3.7,8.67,1.84,5.34,7.74
5.42,4.83,3.64,1.44,1.61,1.83,9.42,7.96,8.23,4.81,5.64,5.61,5.98
1.91,2.11,2.8,7.08,3.87,9.06,3.91,2.16,4.11,8.89,1.22,6.96,0.36
3.38,8.26,4.94,5.4,0.45,7.37,2.85,2.98,6.36,0.57,3.1,1.88,2.29
4.46,0.25,2.15,4.92,0.68,0.55,1.9,0.33,9.67,9.29,3.21,2.77,1.33
4.61,2.6,4.56,6.93,3.39,8.63,0.02,1.16,5.99,8.45,1.77,7.98,6.74
2.74,9.58,2.1,4.72,2.98,7.27,0.29,3.14,9.18,4.84,0.18,8.53,1.91
3.56,2.56,7.46,7.28,0.33,1.53,0.91,8.91,0.51,7.05,1.35,6.72,5.57
4.21,2.02,4.77,2.78,8.21,5.37,2.07,3.68,2.86,3.32,6.78,5.31,8.04
4.51,3.87,3.61,1.97,6.26,0.96,4.62,2.52,8.49,9.89,9.56,8.45,2.25
0.84,5.24,3.85,2.61,4.75,4.38,9.91,4.88,0.88,9.26,9.02,8.83,1.48
4.58,2.65,6.01,8.52,7.41,0.47,9.36,7.26,5.37,9.48,0.24,7.33,2.58
4.89,3.42,4.32,3.89,6.08,0.52,6.79,2.73,3.77,8.6,3.19,2.14,0.96
4.77,2.16,4.96,1.41,8.06,1.14,1.43,6.76,1.72,2.81,0.46,1.62,9.58
9.23,8.21,6.96,6.58,2.35,8.2,8.78,4.67,7.38,5.56,2.15,9.26,1.83
2.76,7.25,6.65,1.94,5.71,2.59,7.98,8.62,1.03,5.2,7.58,6.47,1.38
8.35,0.46,8.65,6.04,2.94,7.33,7.43,7.83,2.51,5.26,4.7,7.02,2.75
8.53,1.82,6.48,1.26,0.28,2.8,4.4,3.03,3.73,8.35,3.19,3.71,4.71
6.1,9.84,4.47,5.27,2.84,2.83,8.22,4.85,0.67,2.87,1.15,4.01,3.58
3.46,8.49,9.11,1.02,6.36,9.18,1.74,9.39,4.38,8.99,7.3,4.2,0.44
5.18,5.06,8.72,8.45,2.8,4.3,4.41,3.69,3.6,2.75,4.86,3.55,9.86
3.07,9.19,4.59,0.78,2.55,1.99,9.66,3.28,7.69,8.97,5.63,3.79,0.27
7.73,9.0,6.08,3.11,0.47,3.04,3.05,9.21,5.89,2.4,7.07,9.22,9.96
9.29,9.79,9.15,5.82,8.58,4.5,7.72,3.95,8.96,8.84,4.41,1.44,9.34
8.87,1.22,3.94,9.39,1.63,5.02,7.1,5.59,0.31,0.86,8.05,6.29,9.41
0.98,8.2,4.36,1.84,2.04,8.03,2.9,5.01,6.5,8.27,5.85,1.23,7.89
2.81,1.62,2.36,7.02,2.79,7.67,8.59,7.62,7.43,3.64,5.33,8.14,3.31
1.59,9.98,9.43,6.65,7.87,6.38,0.86,4.55,5.65,0.71,1.58,5.7,3.27
2.06,2.22,7.66,8.49,8.17,0.5,5.44,4.57,8.16,1.12,3.85,2.29,2.81
2.46,9.32,4.24,0.75,8.21,9.3,0.74,5.18,8.35,3.65,9.39,9.47,4.28
3.56,2.67,7.21,4.45,8.52,4.69,6.98,8.94,2.24,9.78,3.14,7.99,2.9
0.34,1.96,9.99,4.02,4.41,8.12,5.91,3.81,1.58,6.36,7.6,2.7,4.45
0.1,7.36,7.39,8.48,6.35,9.26,7.89,7.37,3.18,7.07,5.82,7.03,7.81
5.06,0.38,1.81,6.08,4.29,9.84,7.78,7.08,3.32,4.37,2.0,5.28,0.06
0.95,5.23,4.42,2.15,2.88,0.34,6.61,6.94,4.14,9.03,1.92,6.39,0.33
4.38,0.85,8.13,1.98,7.25,2.55,0.17,7.57,5.83,6.65,7.96,4.65,2.67
6.01,9.17,2.37,0.31,3.13,8.59,0.63,5.68,9.26,3.0,7.74,9.82,6.81
3.41,9.26,3.45,4.01,1.25,0.46,4.84,3.66,6.78,4.42,3.92,9.21,6.92
6.71,8.4,5.25,2.5,3.75,5.15,9.66,7.84,2.34,3.34,3.38,4.97,2.13
8.68,3.26,6.88,9.81,3.65,3.67,6.35,5.39,5.51,6.67,0.4,7.22,0.51
7.93,8.88,3.9,7.63,5.5,5.21,1.02,0.32,1.04,0.74,5.9,3.8,6.51
6.72,0.61,9.97,9.3,2.33,2.84,7.79,4.5,3.87,3.88,8.91,3.61,8.26
5.75,7.04,8.2,5.92,4.77,3.86,3.25,5.22,1.53,4.78,9.46,9.59,8.24
6.91,4.2,7.22,9.11,1.61,5.79,5.02,7.13,0.62,9.93,4.92,6.01,7.2
7.33,2.72,0.16,9.81,9.82,6.05,5.46,3.88,8.9,1.06,2.02,8.61,1.71
7.41,5.3,5.31,7.43,5.36,3.85,7.05,9.77,4.41,5.59,5.7,7.75,6.2
0.59,1.33,3.81,5.02,3.62,9.33,1.33,6.8,8.83,4.45,0.43,6.26,4.57
8.46,2.19,7.45,1.1,8.85,8.75,7.21,7.66,9.68,9.73,5.98,2.3,3.69
0.98,0.49,4.84,4.52,6.25,5.92,2.86,1.69,5.98,2.35,1.67,4.29,7.61
3.94,6.1,7.28,2.11,1.03,4.98,6.55,1.4,1.79,5.54,5.07,7.73,6.13
5.53,1.79,5.07,5.38,5.54,2.23,4.57,8.03,4.54,4.34,1.04,9.98,5.97
1.94,9.06,1.39,7.56,5.63,4.19,6.41,2.9,5.84,2.34,1.59,1.43,6.66
4.12,6.81,6.92,1.65,3.94,1.87,1.26,9.92,0.91,1.8,1.5,2.15,8.57
4.43,6.54,1.82,3.2,2.05,9.46,7.28,9.47,9.31,9.73,4.49,7.15,4.0
1.4,5.84,0.3,7.76,2.16,2.51,8.28,8.47,9.57,3.19,8.15,0.94,9.45
9.76,5.23,1.52,5.84,9.24,7.02,4.83,3.94,5.3,5.16,5.02,9.47,1.49
8.78,0.34,5.03,6.51,0.12,8.33,2.19,9.26,2.55,2.17,8.75,2.6,4.15
6.17,0.41,8.63,1.11,2.35,6.53,0.39,1.69,5.56,0.64,5.38,3.47,2.29
0.53,4.92,6.13,3.19,3.82,2.13,4.65,0.57,2.33,8.76,4.71,9.86,8.16
9.31,6.64,5.1,4.36,3.99,5.66,1.92,4.87,3.54,6.9,2.33,1.28,7.37
3.65,9.41,9.36,3.45,8.87,7.24,8.72,1.49,7.08,3.37,6.91,8.23,9.03
1.25,8.77,9.81,0.32,2.15,1.74,9.46,6.48,7.24,6.95,2.18,0.37,3.22
1.28,1.06,1.21,0.81,3.97,0.44,3.85,7.38,2.92,3.53,0.87,4.07,6.54
9.12,7.7,5.93,6.41,9.36,4.2,5.57,9.47,2.12,5.19,7.45,2.62,6.37
3.57,7.46,1.18,1.53,3.37,7.68,0.85,1.78,2.23,3.92,1.66,6.21,5.36
0.01,6.25,6.35,7.67,8.18,4.18,9.18,6.35,5.38,5.4,1.42,9.24,7.93
6.45,3.01,3.08,4.66,1.34,6.58,7.71,7.55,9.46,6.45,8.36,5.81,3.51
8.93,4.85,2.82,7.57,4.32,9.06,5.7,7.06,5.12,2.87,7.13,2.7,9.51
5.15,3.42,6.86,4.38,2.78,8.88,9.12,4.05,5.31,4.27,9.47,8.41,2.95
5.19,7.55,9.02,0.93,5.53,0.23,4.87,5.62,6.56,3.27,4.5,2.81,9.25
8.31,1.93,2.68,8.49,4.12,2.38,5.35,0.33,4.34,6.29,2.84,1.36,6.71
2.89,0.81,8.67,7.03,9.42,0.25,7.76,3.13,7.79,0.33,2.56,6.57,4.42
3.79,3.43,5.13,8.24,8.19,6.95,1.76,4.27,0.61,0.19,5.27,5.1,5.84
8.76,0.12,4.14,2.86,3.93,6.64,6.74,9.63,9.89,3.77,4.31,5.26,3.6
9.83,0.95,6.63,5.13,3.27,4.64,2.64,8.88,8.98,2.78,0.19,9.42,4.53
9.74,6.84,8.06,2.19,8.08,7.19,1.31,4.16,2.6,9.7,9.1,1.64,8.13
0.41,2.16,9.46,4.56,8.31,5.84,2.84,4.44,1.8,7.18,3.38,0.03,6.45
8.2,5.83,4.89,6.1,6.78,6.71,1.37,5.68,8.99,7.65,8.15,3.37,1.88
4.07,8.12,3.06,6.41,6.0,9.07,1.85,3.17,6.83,5.53,5.91,8.73,4.91
5.31,2.44,5.88,9.06,3.72,0.22,9.79,8.34,4.99,6.26,2.46,6.06,2.25
6.03,4.26,8.97,3.65,3.35,9.37,5.68,7.03,8.6,0.61,2.27,7.09,0.38
5.59,0.94,7.94,6.97,2.76,1.25,7.07,2.35,4.58,5.38,5.56,6.8,2.34
5.72,8.99,9.06,2.45,9.04,9.05,7.68,7.33,5.08,0.05,5.37,9.49,4.32
8.94,5.63,1.18,9.47,9.5,0.19,3.26,9.02,0.81,7.24,3.75,1.4,9.01
2.7,1.88,3.25,8.19,1.96,6.73,6.14,4.83,8.71,3.33,5.11,6.22,6.37
5.18,3.09,4.07,2.41,3.47,1.12,2.1,6.13,9.39,1.46,6.5,7.56,0.54
9.87,2.06,4.93,0.73,1.49,3.76,7.28,2.72,5.31,7.44,6.9,3.77,3.03
4.81,6.42,5.25,3.13,6.41,6.19,6.84,7.02,2.88,7.83,8.44,5.0,4.19
3.23,8.8,7.46,7.19,0.55,1.98,8.46,5.07,5.65,3.99,3.88,0.69,1.33
7.49,4.83,4.78,3.24,8.54,3.59,4.4,3.86,5.91,5.54,2.27,8.66,0.68
7.77,9.93,2.53,9.71,9.5,9.1,1.21,9.49,3.34,2.95,1.63,1.98,9.49
1.51,6.41,2.42,7.88,7.39,4.79,4.65,5.25,0.25,9.21,3.82,2.99,9.5
0.73,6.5,5.13,6.99,7.2,6.33,3.89,8.64,6.76,9.12,8.66,7.12,3.36
2.36,1.39,3.96,8.8,1.94,6.33,7.54,9.41,5.55,0.61,0.83,1.15,7.64
0.88,4.9,6.12,2.56,9.18,1.71,4.5,1.05,2.62,3.92,5.17,0.93,3.56
3.86,4.8,2.69,3.22,5.95,6.2,3.4,6.59,6.5,6.04,7.44,3.68,0.19
3.27,2.36,6.76,4.72,9.83,5.04,3.76,8.09,1.79,1.23,2.82,5.07,7.2
5.25,7.09,9.52,4.45,0.45,5.66,0.6,3.07,0.06,2.02,3.26,3.47,9.96
0.42,1.13,9.03,0.04,9.77,9.01,6.55,5.56,0.31,5.02,0.28,6.42,0.07
4.43,1.29,9.16,2.81,3.06,3.6,3.19,7.29,3.46,6.11,9.05,7.7,0.0
9.09,7.8,5.01,6.13,1.93,0.84,9.44,8.87,8.56,9.54,6.61,1.49,3.64
6.58,3.7,6.58,9.11,5.58,1.84,1.64,2.15,4.48,0.7,9.87,0.43,3.81
4.37,6.44,9.7,6.9,1.98,8.31,1.81,2.78,0.6,4.41,6.62,8.13,3.45
1.09,4.51,4.92,0.06,3.98,5.79,5.63,7.03,1.5,1.85,2.83,7.5,5.19
9.03,4.2,4.42,0.68,8.07,8.77,8.31,4.35,6.42,4.6,3.18,5.55,1.3
0.91,9.47,3.78,8.73,3.92,3.39,0.45,3.31,5.46,2.04,2.49,7.08,8.82
2.03,3.98,0.81,6.76,6.96,1.71,9.7,3.86,2.83,3.44,2.82,2.28,9.32
2.14,1.68,5.63,3.27,9.48,4.44,4.64,3.37,8.46,6.68,0.55,0.72,4.93
1.9,5.97,7.47,9.37,7.31,1.4,0.13,0.79,1.53,7.29,9.15,6.55,2.73
2.03,8.09,2.01,6.15,8.07,9.83,4.24,5.41,6.9,7.31,3.77,2.63,1.63
5.8,4.44,2.03,8.27,1.34,3.27,5.46,0.12,5.52,1.73,5.5,7.62,7.0
7.87,8.11,5.48,5.64,6.46,2.31,8.93,2.74,2.78,1.69,3.82,6.03,4.88
8.45,1.31,8.92,9.37,2.4,1.37,5.4,3.42,1.79,3.4,7.98,6.46,9.2
5.3,0.9,6.82,9.35,2.84,8.92,4.81,8.15,2.94,8.72,4.15,8.79,9.71
1.45,3.48,4.55,6.27,6.38,0.6,5.58,9.85,7.42,4.52,3.98,7.58,2.56
6.27,7.24,8.15,4.11,3.91,5.21,2.24,2.66,5.3,1.09,2.06,9.79,0.64
5.59,5.58,4.44,8.12,2.84,3.49,3.12,6.82,8.55,1.19,4.89,1.29,8.54
5.79,9.39,5.6,1.48,9.95,1.15,6.97,7.63,4.46,8.16,0.89,2.2,3.49
2.64,0.61,7.29,2.78,0.48,0.54,7.09,0.67,9.14,6.85,0.46,4.4,7.38
0.56,6.92,3.98,4.04,1.27,8.1,1.19,9.01,8.29,7.58,1.35,3.03,6.09
4.32,2.61,6.4,0.11,6.75,1.62,8.63,3.46,1.33,5.87,5.34,6.69,7.21
7.83,7.11,5.43,5.89,7.05,8.3,5.87,0.81,6.9,0.27,5.75,3.76,0.6
7.16,1.05,0.4,6.35,9.19,4.27,7.73,2.61,2.69,8.08,9.6,0.33,5.04
5.64,2.7,8.3,8.87,2.23,5.75,9.43,7.16,0.39,7.65,1.76,3.44,5.85
4.36,7.21,2.65,3.34,1.92,3.76,6.84,4.01,3.3,6.55,5.57,8.69,1.5
5.36,2.49,8.31,4.02,2.22,9.45,0.3,6.88,8.87,2.65,6.0,3.52,9.35
4.44,6.03,3.16,1.95,1.39,6.02,0.14,1.38,2.52,6.07,0.16,5.42,5.45
9.51,0.22,2.24,8.89,7.09,2.98,1.93,9.55,7.69,5.6,3.19,6.91,3.27
5.06,6.14,2.62,5.05,4.15,3.27,2.94,5.5,6.48,2.36,3.98,1.01,1.56
4.27,4.38,6.27,1.44,0.48,5.0,2.13,2.39,2.27,6.31,6.62,1.23,7.28
1.2,2.75,0.74,6.72,8.94,6.66,7.32,0.84,5.15,4.61,1.3,7.88,8.85
2.8,4.74,9.5,4.26,4.29,3.37,5.92,3.63,8.24,0.63,4.37,1.98,9.48
3.59,6.45,4.73,1.25,7.24,7.24,2.09,5.12,9.6,6.33,4.49,3.05,7.62
1.48,5.5,5.34,4.95,2.6,3.34,7.52,2.1,2.16,6.92,9.67,2.29,5.71
6.81,9.4,0.28,7.1,0.3,4.05,9.35,1.67,4.91,1.0,1.35,0.83,8.36
3.06,2.1,0.09,5.64,2.26,4.98,6.56,6.5,4.57,6.71,2.55,1.84,7.43
1.1,7.43,4.88,6.41,4.21,4.77,6.33,0.55,3.38,3.15,2.53,9.76,7.49
5.48,9.03,9.52,1.0,3.41,1.68,9.4,0.3,6.09,0.67,7.1,5.62,3.23
9.9,9.65,8.11,9.28,1.53,3.61,1.65,6.26,0.39,2.99,4.88,8.41,0.37
9.09,8.98,6.55,9.11,8.06,1.91,5.3,6.66,1.66,4.12,5.09,9.71,4.98
8.87,9.99,3.14,8.02,8.97,5.23,4.26,8.2,9.55,5.39,5.47,2.05,1.82
6.71,9.55,7.1,9.34,7.32,4.13,5.59,8.63,7.54,7.78,3.83,5.57,7.88
2.17,0.81,4.75,5.19,3.28,8.81,0.39,7.52,0.83,5.5,4.15,3.49,3.6
0.2,7.68,0.19,2.94,7.0,8.35,0.11,3.43,1.33,0.59,0.55,5.54,6.63
4.09,6.49,6.46,0.57,3.48,1.03,1.52,5.7,1.71,1.38,4.94,9.53,5.32
9.58,8.23,2.66,7.07,6.6,5.04,3.75,5.63,3.26,9.34,8.74,9.2,3.83
0.57,7.34,5.94,8.49,6.9,2.25,6.83,2.65,0.28,7.66,1.32,5.19,7.31
5.46,7.94,5.97,7.09,3.08,1.71,0.16,7.59,8.99,7.56,8.91,6.52,2.84
3.43,1.53,6.91,0.21,6.0,9.48,9.75,4.83,6.9,8.34,8.51,3.35,8.3
9.03,3.37,9.46,5.47,6.6,5.04,7.32,7.79,8.51,8.93,0.58,0.34,1.1
8.88,3.15,1.63,3.4,5.52,3.8,8.93,6.71,1.19,6.8,4.49,7.16,3.03
7.95,9.62,6.35,7.57,5.45,2.18,4.49,9.12,2.72,5.86,2.35,9.34,0.02
8.29,2.13,2.37,7.21,4.42,3.09,1.62,2.27,2.01,5.63,2.68,2.71,5.37
5.35,2.26,7.73,7.14,3.64,5.69,0.81,5.88,2.21,6.33,1.82,2.3,5.39
2.01,8.64,0.04,2.86,0.67,6.71,2.8,6.1,9.46,4.26,4.39,0.67,9.57
5.61,4.43,7.22,9.2,8.24,9.36,3.04,6.89,3.7,3.13,5.12,9.79,3.89
3.3,6.06,9.08,4.64,9.63,7.85,8.39,6.08,4.31,5.33,4.34,8.67,1.4
5.44,3.18,4.67,8.46,0.15,7.55,8.88,3.47,5.8,8.25,6.96,1.44,3.37
6.75,2.7,0.71,8.03,8.74,7.21,4.81,4.28,3.3,4.73,9.96,0.48,8.32
3.65,7.96,4.46,4.6,2.78,9.89,1.73,7.51,9.98,0.35,1.98,2.93,9.84
1.13,1.6,3.46,8.47,3.76,5.85,4.73,4.3,8.2,3.46,7.87,7.02,3.32
7.98,3.21,6.23,4.65,9.89,2.76,1.82,2.55,6.12,8.95,7.89,3.95,3.09
6.59,0.62,8.49,5.71,6.14,2.88,8.04,5.77,0.56,0.25,4.1,8.57,8.81
5.29,3.56,6.21,1.57,4.56,5.01,8.2,9.22,8.6,7.39,6.58,9.1,2.47
5.14,0.42,1.09,2.48,2.71,6.51,5.22,4.62,9.65,8.14,8.18,4.53,4.9
9.68,5.43,1.31,4.51,8.34,6.18,0.12,9.22,6.5,7.26,8.76,6.74,0.08
7.57,6.84,4.53,5.24,0.47,6.83,2.99,5.0,2.69,8.82,7.03,8.93,1.72
9.27,0.27,1.0,3.04,9.39,8.58,4.38,7.48,6.05,7.38,8.73,3.8,2.74
8.55,4.37,5.38,0.42,5.55,5.01,7.81,6.8,9.25,6.49,5.03,4.54,9.5
8.0,1.46,8.51,0.27,7.45,8.56,3.42,0.08,8.03,7.18,5.3,9.16,6.58
3.03,4.76,3.21,6.71,3.8,2.56,1.82,0.1,9.27,4.45,8.64,6.88,4.62
7.47,0.73,4.43,9.75,7.75,1.17,9.37,6.12,5.97,8.26,9.15,1.22,3.04
8.78,2.58,7.82,0.19,4.0,6.44,8.39,4.59,8.86,8.82,2.65,8.54,2.3
9.71,9.54,9.07,8.34,0.65,0.82,6.53,9.5,4.33,0.4,2.45,3.83,6.06
8.44,6.2,5.57,8.51,3.98,6.98,7.45,3.02,4.39,0.14,2.77,4.38,5.67
8.15,6.29,1.24,9.58,1.97,3.04,4.02,9.61,0.63,8.67,2.4,7.98,9.6
3.0,5.1,1.69,8.91,2.88,3.18,9.65,7.48,3.17,9.65,9.55,1.69,5.77
8.6,9.15,0.68,9.35,9.36,8.54,6.67,5.86,0.88,2.06,5.25,3.03,2.73
4.93,7.56,3.93,1.77,5.92,8.81,6.76,9.74,3.81,9.74,1.23,0.95,2.92
5.41,0.49,9.72,2.28,2.65,9.5,0.64,8.99,9.62,7.99,9.54,7.25,1.32
6.63,2.69,5.4,3.55,7.51,4.68,1.47,5.73,9.41,8.19,9.01,9.87,1.54
8.33,5.36,4.0,9.31,8.09,5.17,7.76,6.81,1.1,5.18,6.46,0.14,3.74
6.7,6.55,9.03,9.14,5.81,8.6,5.98,2.62,2.89,5.76,7.27,7.57,3.06
1.35,9.01,7.56,8.99,4.3,4.77,0.18,1.95,7.11,1.34,8.15,3.55,2.98
0.22,0.53,1.36,4.45,0.72,2.09,7.11,2.95,4.69,8.63,5.47,4.55,3.27
4.14,5.08,1.85,9.76,2.81,5.16,7.2,7.13,2.78,2.22,6.33,7.87,1.93
2.6,5.58,1.58,7.31,6.95,9.39,5.86,3.82,4.81,3.44,1.9,0.44,9.06
7.84,0.5,1.13,0.26,4.92,8.38,3.54,0.94,1.61,5.87,6.51,8.29,3.68
4.5,9.68,9.34,5.36,8.58,6.5,4.51,9.88,0.66,3.44,5.19,4.13,3.04
1.81,1.51,2.56,6.18,3.87,5.44,2.93,2.86,2.56,5.82,6.0,8.19,6.07
9.7,8.65,2.12,6.62,3.13,1.0,8.31,3.21,5.3,8.2,9.76,1.86,5.3
0.12,9.55,6.21,6.39,6.03,8.22,0.6,6.28,8.69,9.54,8.23,4.06,1.39
6.72,8.78,2.47,1.98,2.23,8.49,4.81,0.59,1.75,7.45,5.05,4.33,2.17
0.53,3.88,2.14,9.31,1.3,6.14,5.57,5.09,2.75,1.61,5.0,3.27,3.31
8.19,5.25,6.16,6.38,4.98,4.76,0.73,4.41,2.7,3.17,4.66,7.01,7.18
4.47,7.36,1.83,7.22,5.08,9.31,6.19,2.04,2.97,5.1,1.3,7.36,5.6
3.03,5.48,3.81,1.93,3.8,8.21,3.25,3.28,5.58,7.2,0.02,6.41,4.89
1.32,1.51,3.09,7.62,0.71,3.55,8.14,3.03,9.14,6.93,4.17,1.64,7.11
6.11,3.34,0.54,7.82,5.2,5.33,7.89,7.36,6.11,7.63,8.04,5.39,1.71
2.3,1.98,0.35,0.54,8.92,6.11,8.11,7.51,7.62,9.97,7.6,2.66,5.6
5.45,9.07,4.22,4.19,9.04,2.27,1.11,9.33,2.03,4.66,5.38,4.44,8.55
2.71,6.39,3.68,3.56,8.19,0.02,4.6,4.93,2.01,5.6,4.79,7.01,4.16
1.02,9.78,2.26,2.57,3.93,0.4,2.57,4.64,4.0,8.54,8.31,6.3,6.63
8.45,3.64,2.22,3.49,6.43,5.61,7.81,4.89,4.27,5.79,3.31,6.6,6.54
2.42,6.54,0.31,5.6,2.23,3.88,5.77,8.9,7.66,2.35,3.86,8.52,1.18
0.22,7.1,2.52,4.31,3.23,7.86,2.56,3.56,6.15,3.28,0.78,0.87,3.85
6.02,1.4,1.69,2.74,0.69,2.14,5.3,0.74,7.72,8.99,3.63,0.2,9.08
1.88,4.67,6.65,8.59,4.36,3.37,6.49,2.64,2.97,8.74,6.44,7.12,0.75
3.92,1.67,7.04,0.73,5.95,3.69,0.54,0.64,7.33,4.04,4.22,6.2,3.38
1.04,4.69,3.11,3.67,3.53,3.01,1.78,0.38,7.13,4.93,8.91,0.72,0.7
0.02,8.41,9.46,2.42,7.5,6.25,7.65,1.86,0.63,7.01,7.89,4.27,8.13
2.15,9.69,3.87,3.76,6.71,2.46,2.8,9.66,0.89,2.7,4.15,0.94,2.37
7.39,0.75,4.63,6.91,0.4,2.78,9.58,3.78,6.22,7.69,8.87,8.02,0.6
5.98,8.21,7.69,9.07,2.02,4.53,4.21,3.23,7.2,8.47,0.57,7.99,7.49
7.63,3.15,9.93,6.37,1.36,2.55,0.93,3.68,6.72,8.74,8.62,4.05,1.4
8.37,8.67,3.48,7.72,6.64,7.36,4.54,0.67,4.21,1.49,4.89,1.87,3.77
0.19,2.68,7.33,1.57,3.16,6.55,6.37,8.1,3.35,5.23,9.51,2.61,4.91
4.56,1.37,4.96,8.38,2.44,1.92,6.04,4.83,1.23,7.62,7.11,2.37,6.71
4.9,2.41,0.63,9.08,1.57,2.56,1.08,6.54,4.92,9.59,5.42,3.1,0.07
6.54,0.19,3.06,3.4,4.09,4.48,4.9,8.99,7.27,6.71,2.77,9.26,8.55
2.45,4.38,6.58,5.09,4.24,1.96,9.72,2.5,1.86,5.83,5.9,7.02,5.97
8.37,6.9,8.7,0.61,3.35,7.36,6.92,9.17,6.73,3.79,8.64,0.73,0.62
9.13,5.79,5.04,2.44,8.13,2.72,5.82,8.64,2.33,6.15,8.7,6.1,4.35
1.99,1.0,9.95,0.0,5.09,1.43,0.12,2.11,9.05,3.98,0.14,7.41,2.53
0.82,8.53,9.47,9.35,9.76,8.58,5.89,2.81,0.56,0.28,9.68,9.3,1.27
2.56,3.5,2.65,4.45,3.45,9.93,2.05,4.79,3.02,1.11,0.35,8.08,7.95
9.28,1.59,0.61,4.89,4.66,1.22,1.31,0.62,6.35,6.63,7.29,9.2,6.86
0.53,5.02,0.43,4.51,3.58,5.57,7.08,1.03,2.01,0.03,4.45,9.36,3.68
9.61,2.56,6.8,1.94,6.5,4.53,7.97,0.87,1.1,4.31,8.12,6.82,8.79
6.3,3.2,1.72,9.88,4.17,0.83,6.27,2.6,2.19,5.22,7.16,1.34,9.78
8.07,5.73,2.14,5.71,5.17,6.38,4.08,3.46,9.09,4.91,9.93,9.18,5.75
8.03,5.7,5.76,1.98,6.42,3.63,0.51,4.61,8.16,0.02,8.91,9.98,7.22
9.09,2.11,9.98,4.67,3.89,7.1,5.55,6.13,3.88,4.49,7.43,7.28,4.2
0.13,3.07,1.32,4.53,8.37,4.54,3.54,4.48,9.05,7.96,1.73,9.91,4.13
3.52,9.51,2.97,0.65,6.97,4.58,1.53,9.78,0.97,3.78,3.65,8.54,9.85
1.74,6.38,0.23,9.29,2.31,3.55,1.27,2.22,8.09,4.11,3.39,4.42,4.76
8.83,8.03,4.89,1.74,4.06,3.28,4.13,0.32,6.84,7.99,4.83,3.44,3.46
1.61,4.04,3.38,1.63,0.39,6.74,6.74,6.42,4.99,0.81,0.54,5.3,9.08
7.88,7.05,9.6,5.23,0.53,9.36,6.29,1.87,8.05,1.75,4.31,8.71,9.63
4.16,8.52,8.28,1.47,6.58,0.63,5.12,7.59,6.73,2.35,1.51,3.79,6.59
0.38,5.18,5.59,8.78,7.38,5.27,4.15,3.59,1.35,0.1,2.87,1.3,5.74
9.37,0.07,5.92,2.13,8.4,9.53,2.15,1.59,5.5,3.84,9.2,6.03,6.26
2.87,2.08,2.77,8.77,3.29,0.3,3.29,6.34,8.45,4.29,2.09,4.08,7.12
3.0,8.34,4.11,1.02,0.64,6.77,0.11,8.87,9.11,9.96,7.56,8.98,3.09
9.86,8.93,0.84,9.11,6.44,7.58,2.69,4.72,5.78,0.48,3.04,4.19,8.35
5.46,8.66,9.3,8.5,6.76,9.86,4.46,7.34,1.98,6.6,0.31,8.81,5.64
3.96,2.85,3.32,1.86,6.26,5.27,8.05,9.12,0.86,7.62,4.96,7.67,8.17
9.53,9.94,0.55,3.37,8.72,6.05,9.93,0.65,2.9,0.16,2.87,1.4,0.46
9.29,3.73,7.0,1.03,6.63,4.27,4.19,7.46,5.23,8.57,1.1,3.35,6.66
7.13,3.99,7.69,3.06,3.04,2.83,0.77,2.41,1.72,4.32,6.76,3.1,0.21
3.04,1.48,1.96,2.52,0.88,3.91,2.77,0.25,5.8,6.86,8.64,7.26,2.45
1.9,8.09,2.7,3.13,1.73,4.4,6.71,7.84,8.75,6.99,8.29,2.85,8.99
3.59,6.85,2.1,1.94,2.26,5.51,5.75,2.53,5.5,3.53,9.97,0.54,1.07
4.14,1.53,3.07,2.18,9.54,1.11,1.3,7.4,1.88,8.76,8.34,1.96,7.58
4.73,7.39,1.18,9.48,4.91,9.36,8.12,4.7,5.69,1.88,2.97,3.5,2.03
0.24,7.25,0.33,5.26,3.59,9.64,0.31,1.47,2.74,1.62,2.15,8.73,2.49
9.87,4.0,1.89,1.84,8.2,9.52,2.35,3.07,5.96,3.15,9.81,5.83,8.83
0.96,2.41,0.07,4.69,3.64,1.11,1.35,9.58,8.36,9.76,2.97,5.32,5.45
3.23,6.57,6.8,6.11,1.66,9.18,1.43,2.2,2.92,9.39,3.35,9.34,3.26
0.35,1.38,2.52,6.34,3.12,6.88,1.41,5.14,2.17,7.18,7.47,1.83,2.92
8.76,5.24,6.46,0.49,5.84,2.02,7.81,0.88,7.37,4.31,4.77,9.46,7.28
3.85,2.8,3.69,3.62,1.13,3.82,9.61,4.85,9.31,5.03,8.09,3.6,9.29
6.42,3.19,2.28,5.01,0.73,1.37,5.18,2.86,7.05,6.67,7.95,5.52,4.52
6.81,8.75,4.9,8.96,8.69,9.28,0.5,4.04,2.47,8.71,8.32,4.14,8.04
8.78,0.63,0.09,9.45,9.88,0.69,7.24,3.76,7.46,6.6,1.63,5.66,8.85
4.86,1.18,1.11,6.25,0.17,3.96,1.53,9.78,0.89,8.54,8.96,4.92,0.23
0.93,4.73,0.35,6.05,7.35,0.25,1.45,3.76,4.79,0.1,6.7,9.85,8.94
4.77,2.63,7.31,9.2,2.25,5.68,4.07,6.93,4.32,3.45,1.91,4.36,6.31
9.58,6.85,0.81,9.18,1.73,1.12,8.74,9.75,9.45,5.32,3.69,2.26,2.58
4.34,0.8,2.59,8.51,0.2,4.48,1.19,8.99,6.89,1.31,2.23,5.28,5.99
0.79,5.82,4.21,0.41,4.52,0.69,0.81,1.9,7.45,8.71,5.63,9.48,4.64
4.32,0.08,4.3,1.5,2.85,1.86,5.96,5.22,0.24,9.4,3.75,2.45,0.8
7.34,2.78,2.99,6.63,3.75,3.28,8.54,4.25,8.68,3.92,2.32,9.87,0.77
3.67,0.09,4.31,5.41,6.53,7.02,6.83,8.95,5.74,4.82,7.3,9.87,6.26
9.21,2.97,8.91,7.24,5.44,0.9,1.99,1.26,1.17,6.71,1.95,4.61,0.56
9.92,5.26,6.42,2.38,9.07,6.96,2.74,4.57,8.61,2.34,5.97,8.04,1.54
6.36,5.18,9.94,5.85,6.65,7.37,7.85,9.52,1.46,6.97,9.69,6.21,4.69
0.78,8.51,4.9,3.69,1.5,1.17,6.61,4.44,9.61,6.35,5.9,4.88,4.87
9.58,2.96,4.3,9.53,8.35,3.55,1.17,7.39,2.06,3.05,1.99,8.04,7.27
1.9,6.7,5.11,4.75,4.34,2.03,2.97,1.93,7.57,6.77,1.62,7.34,6.25
4.77,2.78,7.83,8.04,6.51,1.12,9.44,5.13,6.48,4.81,1.99,2.8,2.48
9.22,6.52,9.36,9.59,2.8,6.66,6.83,0.59,8.33,5.29,6.87,5.9,9.03
5.69,7.51,2.75,4.95,4.53,1.29,0.48,1.81,9.39,0.32,7.46,6.92,5.26
0.87,9.87,7.96,6.55,8.95,3.48,3.69,5.31,8.9,3.64,8.15,0.57,0.25
2.17,3.37,7.45,1.2,5.05,8.51,5.81,8.58,1.46,0.21,7.2,3.57,6.62
2.96,2.99,1.2,6.32,8.95,7.26,9.02,5.41,9.91,0.22,2.49,4.72,2.43
7.2,3.54,0.61,0.63,9.88,8.66,8.49,3.48,2.45,9.99,3.93,0.27,1.67
2.1,2.05,0.49,5.5,9.42,9.7,5.8,3.37,6.44,2.53,7.67,0.21,6.45
9.31,4.78,9.18,9.98,9.18,0.04,2.21,6.85,7.18,4.48,7.96,8.03,4.74
9.92,2.24,7.39,9.81,1.43,3.54,0.86,5.52,4.18,3.95,6.52,7.39,3.0
0.77,0.15,9.43,8.7,5.71,3.42,1.57,2.35,4.96,9.22,6.69,7.54,1.57
6.84,7.09,6.45,8.14,7.37,8.96,3.27,6.85,9.89,4.94,1.11,5.64,0.39
7.6,9.87,7.46,3.16,3.65,3.15,0.86,0.2,8.76,8.44,5.72,2.5,0.02
0.58,5.3,5.59,4.16,4.44,0.48,5.04,1.94,6.12,9.81,0.33,5.0,1.15
2.21,8.41,9.12,8.19,0.93,5.74,0.58,2.33,8.52,1.37,2.33,3.72,4.13
3.12,6.16,5.53,4.71,0.06,3.65,2.03,0.46,1.48,2.47,3.87,8.19,6.31
6.02,9.01,1.62,1.16,9.1,5.22,2.04,7.21,5.93,2.32,2.14,5.63,3.05
6.01,7.29,3.49,0.08,4.65,5.17,3.35,4.16,0.59,5.35,7.55,6.14,5.95
7.15,7.77,8.58,3.06,9.62,1.83,7.21,0.56,4.4,8.85,3.17,8.97,3.13
7.29,6.55,0.24,1.77,3.54,5.5,1.39,1.24,5.92,3.74,9.31,2.22,8.45
8.0,7.54,3.76,1.37,7.67,3.3,0.2,6.16,6.65,3.36,2.27,2.17,2.88
6.22,7.28,8.67,4.92,8.2,2.86,0.83,7.07,7.58,1.95,2.97,4.89,2.17
9.55,0.91,0.85,3.52,3.58,8.49,6.63,2.84,1.22,4.84,5.41,7.17,6.3
0.58,9.87,8.95,8.87,2.79,6.03,1.22,1.59,7.02,5.42,3.05,2.49,4.17
4.5,1.65,2.75,6.58,3.73,9.4,1.89,4.1,0.4,8.23,0.92,1.24,9.11
3.43,1.42,2.08,3.96,1.48,2.88,8.16,4.27,7.17,5.45,8.59,0.24,9.52
7.44,7.18,7.97,9.28,1.8,5.73,1.27,4.02,8.23,5.0,2.17,4.34,7.08
6.86,5.07,4.66,6.81,3.48,8.2,0.21,6.11,8.31,1.51,5.49,7.91,7.33
6.6,3.39,5.07,8.3,1.0,5.68,3.23,9.5,6.98,4.35,1.43,3.07,1.77
8.11,7.21,1.61,9.26,6.55,0.02,1.48,4.75,3.19,9.32,1.43,4.55,4.23
6.12,8.38,5.26,3.37,0.78,0.36,5.07,6.02,6.98,7.05,4.72,7.54,9.71
2.43,3.27,5.67,0.0,9.81,3.13,3.91,5.29,3.56,7.34,9.84,8.69,0.42
2.52,0.72,4.84,4.12,3.32,1.46,8.91,9.32,5.62,6.61,2.41,0.87,2.17
0.88,4.68,9.03,0.24,8.82,6.66,9.73,3.46,4.39,4.92,4.12,9.6,7.74
3.29,1.31,2.85,7.03,9.2,4.29,8.2,2.78,6.06,6.2,7.09,4.28,5.33
3.88,1.95,1.85,8.56,3.09,3.8,9.92,2.99,3.4,0.63,4.18,5.73,2.07
3.28,3.52,0.95,4.61,2.33,3.8,3.27,3.81,4.08,1.06,9.95,5.59,1.55
8.46,3.38,0.81,6.38,2.3,1.83,0.06,3.81,0.67,8.45,9.3,0.25,9.11
2.55,0.44,0.53,1.65,6.0,2.79,4.45,9.82,4.92,3.82,0.96,8.58,7.06
5.68,6.47,2.22,9.73,5.22,8.59,6.13,2.18,4.85,7.76,3.31,7.45,7.53
3.24,2.59,2.56,8.84,4.28,7.99,5.23,1.07,8.93,0.62,3.1,7.23,7.73
9.44,2.14,7.24,8.75,3.87,5.35,1.93,4.09,1.36,9.98,8.92,6.8,6.88
0.63,3.41,5.17,2.91,0.6,4.99,4.36,3.77,8.17,6.0,0.07,7.65,7.29
1.35,5.85,4.3,8.0,2.97,5.85,7.52,6.74,0.82,6.07,4.08,0.93,7.83
6.53,1.53,7.07,3.52,4.24,1.36,0.16,5.42,8.89,5.65,7.93,9.4,7.02
6.18,4.2,1.1,4.98,9.23,3.24,7.16,1.78,1.53,2.83,6.94,2.73,7.2
7.3,9.02,2.5,0.97,3.53,2.98,6.8,8.65,6.92,1.46,5.7,2.57,7.95
1.77,9.1,4.87,7.73,4.4,9.62,5.15,7.35,3.0,9.36,9.63,8.63,0.53
8.35,5.63,3.94,8.17,5.54,5.02,1.56,9.12,3.86,4.48,1.43,2.03,3.66
3.48,1.3,2.33,4.68,0.29,8.95,2.77,3.72,2.81,8.85,2.69,5.8,6.47
0.3,5.75,6.9,2.68,8.74,6.46,9.69,1.1,7.47,4.31,0.72,2.05,3.99
3.09,5.98,8.35,3.27,8.25,8.61,6.7,1.92,2.17,2.05,5.52,8.55,5.54
3.58,2.3,2.39,5.29,4.95,7.89,0.17,0.62,5.26,7.45,8.54,0.43,7.9
1.01,0.25,1.2,4.78,1.78,3.74,6.93,9.77,4.68,3.82,3.76,9.52,1.21
4.91,0.58,4.52,2.08,9.12,7.17,3.01,3.22,5.59,3.52,8.09,8.18,8.44
4.09,8.49,2.17,3.64,7.19,6.99,6.57,8.52,0.53,4.53,5.73,1.17,6.18
4.14,1.67,2.54,7.79,8.63,6.75,4.59,5.52,9.42,1.6,7.5,7.02,0.0
4.12,6.57,3.76,3.61,7.23,5.67,7.67,8.4,1.75,7.35,3.65,0.05,6.69
3.44,1.25,1.56,4.98,1.58,8.92,5.1,4.82,8.93,0.57,9.0,8.23,9.36
9.5,9.15,1.66,6.55,2.51,6.36,9.71,1.42,2.11,2.58,9.78,5.71,6.29
1.88,4.98,5.13,9.03,1.68,5.13,8.67,4.99,4.18,0.76,0.97,3.3,9.66
6.73,5.26,2.46,8.71,5.0,4.39,1.33,6.81,6.34,9.39,0.87,9.52,0.23
3.36,4.89,1.37,9.61,6.08,4.91,3.65,8.34,3.95,5.48,4.0,8.46,1.36
8.14,0.3,4.03,5.72,6.01,9.9,3.23,0.09,2.55,0.68,3.73,5.07,8.35
4.23,2.72,9.77,2.3,2.2,6.46,8.52,7.36,8.9,0.37,6.11,4.58,6.18
4.84,0.28,1.92,1.22,5.22,3.06,5.95,8.48,0.54,6.02,3.41,9.35,1.45
2.54,8.4,7.42,5.78,1.09,3.38,9.29,9.51,6.45,2.78,4.99,1.61,7.36
7.28,7.91,0.1,2.42,1.25,7.37,7.79,1.23,2.59,3.01,8.73,8.58,9.27
7.39,3.36,1.71,4.36,9.3,9.67,8.3,8.79,0.62,8.99,5.07,5.9,2.19
3.73,0.44,3.59,7.08,0.14,4.49,2.15,2.85,8.33,7.42,7.64,2.38,1.92
9.75,8.69,7.5,2.23,7.8,6.02,5.9,5.48,0.84,7.96,7.61,2.01,3.4
3.96,8.5,7.75,8.45,2.05,2.5,7.53,5.42,5.77,4.1,6.0,7.84,4.18
0.66,3.96,0.31,8.72,0.66,4.08,4.71,6.15,3.63,5.13,2.27,8.57,9.73
3.66,0.55,3.69,2.11,7.43,9.63,7.43,3.47,6.54,6.71,3.06,7.56,2.57
3.44,9.17,4.38,3.57,8.33,3.09,3.15,9.07,5.38,7.23,0.44,5.19,9.6
5.19,7.11,1.99,7.02,2.53,4.34,8.84,9.0,6.84,6.28,2.68,9.26,1.88
7.82,4.3,6.44,9.19,7.42,6.89,8.78,2.16,6.9,2.74,1.22,3.69,8.28
8.8,3.78,7.35,5.5,8.61,0.07,4.7,3.14,0.48,3.92,0.05,0.99,6.34
9.07,9.59,4.95,3.2,1.48,4.44,8.31,6.8,0.21,7.0,5.13,5.46,7.79
9.97,1.45,3.25,1.48,0.04,0.49,3.89,1.74,5.52,3.37,8.7,1.72,5.27
2.32,9.7,0.52,8.41,4.39,7.41,7.93,9.05,5.59,5.89,6.39,7.74,1.99
2.82,5.18,6.73,1.35,5.3,4.67,6.11,9.1,7.58,6.17,2.74,0.52,7.22
1.22,5.0,5.31,1.4,0.67,4.54,8.88,9.16,2.28,9.05,2.12,2.31,7.65
3.88,1.73,4.48,9.88,3.62,6.93,4.03,1.41,3.4,8.66,6.24,7.26,9.36
5.07,8.4,8.41,8.4,5.92,2.25,1.15,6.36,6.61,1.36,0.51,6.52,8.28
6.21,9.02,0.85,4.28,4.6,8.13,3.52,5.3,3.93,1.6,6.75,2.6,7.98
8.44,6.58,5.28,4.16,9.35,6.17,6.87,8.14,1.34,0.85,0.07,7.11,1.31
5.28,4.2,8.82,1.68,8.64,2.4,3.0,3.53,1.59,1.12,8.71,1.45,7.63
8.77,5.08,4.25,6.33,2.88,8.13,0.79,0.42,7.05,7.86,1.61,2.45,0.45
0.67,7.12,2.42,8.3,3.39,2.13,3.01,8.05,7.33,9.21,5.43,5.78,8.98
1.3,2.22,3.54,5.85,1.3,8.61,6.76,2.32,2.8,5.42,1.78,6.64,0.84
5.99,9.06,9.44,7.77,3.06,5.59,7.73,5.4,5.39,4.6,3.18,8.9,8.99
8.12,1.04,3.15,6.93,8.2,8.16,1.15,2.48,1.65,0.9,9.12,9.71,1.27
5.09,0.89,3.99,5.66,6.87,8.89,9.91,7.35,6.87,7.35,3.27,0.74,7.43
6.06,6.06,8.57,7.74,0.12,5.86,0.47,5.68,1.95,0.36,8.16,3.9,8.05
6.94,1.55,5.43,1.06,4.73,2.65,5.26,1.38,8.14,3.09,4.06,8.78,1.04
3.33,1.27,6.42,1.9,1.37,5.33,7.41,4.23,8.26,0.11,0.61,6.06,4.8
7.71,4.97,8.33,6.11,9.77,9.48,3.86,3.25,5.54,1.17,7.6,1.36,4.7
