Nitrogênio Foliar (g/kg),Fósforo(P) (mg/dm³),Potássio(K) (cmol c/dm³),Boro(B) (mg/dm³),Cálcio(Ca) (cmol c/dm³),Magnésio(Mg) (cmol c/dm³),Alumínio(Al) (cmol c/dm³),Sódio(Na) (cmol c/dm³),H+Al (cmol c/dm³),Zinco(Zn) (mg/dm³),Cobre(Cu) (mg/dm³),Manganês(Mn) (mg/dm³),"PRNT do calcário
",Classe
1.51,1.3,0.94,2.06,1.87,2.3,0.59,0.5,1.19,0.55,2.03,0.93,0.54,52
0.81,0.88,1.94,0.76,1.5,0.71,1.54,1.02,2.39,2.25,0.54,1.73,2.08,6
0.89,1.91,1.13,1.96,0.79,1.67,0.72,1.52,1.42,0.49,1.79,2.28,1.93,716
1.89,0.87,1.3,1.48,1.37,1.14,0.57,0.45,0.52,0.52,1.82,2.35,1.41,404
1.8,1.13,0.91,2.35,0.67,1.57,1.92,2.2,1.36,1.47,0.42,0.46,1.28,366
2.23,1.09,0.95,0.57,0.64,1.52,2.3,0.58,0.99,0.78,1.28,2.3,0.69,537
1.94,1.76,2.07,1.59,0.51,1.13,1.84,0.49,0.53,0.5,1.92,1.76,0.49,448
1.16,1.16,1.8,1.26,1.88,1.12,0.53,1.5,2.36,1.57,0.42,1.32,0.69,89
0.88,0.54,1.02,1.79,1.52,1.7,1.25,2.36,2.04,2.27,1.5,1.85,1.45,130
0.74,1.65,1.71,0.88,2.11,1.66,1.37,1.77,1.86,2.03,1.44,2.02,1.68,67
0.63,1.62,1.66,0.68,1.24,0.86,0.44,2.24,1.47,1.01,1.63,1.88,1.69,13
1.55,1.69,0.95,1.83,0.48,1.41,1.61,1.53,0.72,0.75,1.72,1.46,2.28,564
0.66,1.9,2.07,0.46,1.67,0.72,0.56,1.09,1.01,0.72,2.31,2.04,1.4,315
0.92,0.68,1.5,1.25,1.33,1.61,0.71,0.9,0.48,2.05,1.14,2.01,2.02,895
1.7,1.87,2.28,1.92,1.7,0.86,0.89,2.2,0.75,2.25,0.41,1.63,1.53,586
0.51,0.59,2.19,1.67,1.6,2.38,2.25,0.71,0.82,1.89,2.1,1.68,2.11,330
1.13,0.8,1.07,2.37,1.48,1.89,0.68,0.89,0.63,1.62,1.61,1.36,1.09,807
2.07,1.19,2.0,1.18,1.01,1.2,0.75,2.23,1.13,1.56,2.06,0.98,0.57,364
0.44,1.27,1.12,1.98,1.65,1.45,1.94,0.6,1.51,1.46,0.95,1.03,1.13,235
0.42,2.15,1.99,0.61,0.48,1.96,1.51,1.66,1.42,0.84,1.74,1.6,1.03,739
0.84,0.49,0.69,1.04,1.06,1.8,1.27,2.04,1.29,2.24,0.51,1.72,1.91,69
1.2,1.11,0.62,2.21,1.41,0.67,1.05,2.22,2.29,1.61,1.26,1.78,1.12,277
1.05,1.76,2.23,2.22,1.29,1.75,1.04,0.69,0.41,1.31,0.84,1.89,2.06,806
0.43,1.85,0.41,1.75,2.13,0.44,0.64,1.39,2.39,1.43,1.79,1.28,2.02,230
1.57,0.74,1.26,1.6,0.9,1.65,0.65,1.56,1.86,0.98,2.2,1.66,1.96,900
1.48,2.36,1.83,1.61,0.76,0.83,1.27,2.22,0.44,1.67,2.34,0.82,1.98,851
2.08,0.46,0.85,1.08,1.14,0.55,0.96,1.54,2.22,2.33,0.49,0.75,0.93,753
1.15,2.23,1.23,0.85,2.14,2.21,1.6,1.31,1.15,1.59,2.3,0.95,0.93,323
2.07,1.05,1.73,0.44,2.01,1.09,1.57,1.64,0.67,1.84,2.05,0.94,1.53,696
2.18,1.18,1.72,0.89,0.59,1.61,1.45,1.47,0.57,2.35,1.39,0.95,1.19,363
1.09,1.17,0.89,1.0,2.13,2.36,0.69,1.07,2.06,0.41,1.59,0.5,0.72,50
0.45,1.0,1.26,2.05,0.99,0.95,2.36,2.33,0.92,2.24,0.61,1.3,1.45,155
1.68,1.27,1.17,1.5,0.84,2.33,0.72,0.45,2.4,0.65,0.91,1.18,2.02,718
0.83,1.54,2.12,0.42,1.23,1.72,0.41,0.7,1.02,2.14,1.67,2.17,1.8,891
1.54,1.81,2.13,2.3,1.86,0.65,1.17,1.51,0.42,1.29,0.91,1.87,2.06,527
2.24,1.39,0.59,2.06,1.34,2.1,1.88,0.92,2.25,2.16,1.45,1.54,1.75,144
1.09,1.75,1.62,1.89,1.26,1.61,0.52,2.37,0.71,1.74,0.94,1.49,1.06,616
1.06,1.49,1.81,1.12,1.06,1.61,2.34,0.61,2.37,0.48,1.25,1.53,0.53,598
2.21,2.17,1.26,1.52,0.46,0.78,1.92,2.11,1.64,2.03,0.68,1.22,2.28,631
1.51,1.88,1.95,1.38,0.83,1.32,0.66,0.87,2.03,1.98,1.14,1.29,2.3,888
1.9,1.77,0.5,0.46,1.4,2.06,1.59,2.17,1.81,0.6,2.33,1.89,2.06,15
1.54,1.4,1.03,1.84,1.27,1.95,0.83,1.87,2.15,1.97,2.04,0.54,0.8,483
1.73,0.75,1.5,1.36,0.66,2.38,2.37,1.02,1.71,0.68,2.04,2.12,0.49,569
1.35,2.37,2.11,0.75,0.7,1.8,1.2,0.62,0.84,2.07,1.15,1.12,1.43,830
0.75,0.49,1.51,1.72,0.97,0.66,0.47,2.01,1.71,1.45,0.81,1.23,1.85,872
0.41,0.9,0.67,2.26,1.59,1.08,1.67,2.05,2.38,0.8,2.0,1.79,0.64,164
1.03,0.66,1.9,1.48,1.11,0.6,1.81,0.62,1.52,0.42,2.34,1.89,1.85,450
0.46,0.65,2.22,0.62,1.8,0.81,0.56,0.8,0.9,1.47,0.65,1.96,1.05,314
1.5,1.12,0.89,0.6,2.11,1.42,1.1,1.87,2.29,1.87,0.62,0.46,1.53,725
2.06,1.64,1.78,0.98,0.66,0.75,0.65,1.28,1.49,0.43,1.6,1.21,0.99,487
1.53,0.9,1.77,0.87,0.82,1.65,0.54,1.17,0.9,0.63,1.23,0.97,0.47,488
0.95,1.23,1.87,1.58,1.04,1.99,2.07,1.27,0.7,2.15,0.91,1.36,0.92,154
0.72,0.63,2.17,0.81,1.65,2.28,0.81,1.25,1.48,2.05,2.36,1.93,1.76,300
1.03,1.01,1.25,2.19,2.08,1.7,0.94,1.73,0.56,1.72,0.82,2.31,1.77,806
0.6,0.42,1.23,2.26,1.52,0.98,0.71,1.09,1.38,1.06,1.9,1.52,1.11,871
1.58,0.66,1.25,0.62,0.5,0.71,0.4,1.38,0.52,2.29,2.37,1.46,0.53,391
2.07,2.03,1.26,0.62,2.11,1.79,1.24,1.04,0.52,2.33,2.04,2.22,0.97,383
1.78,1.37,1.62,1.73,0.81,0.69,2.01,1.98,1.71,2.32,1.05,1.69,2.18,601
2.25,1.46,1.52,1.35,0.41,2.12,1.22,0.89,2.15,1.38,1.84,1.34,2.08,542
2.22,1.59,0.87,1.62,2.08,0.95,1.98,1.9,0.83,2.31,2.17,1.89,0.51,275
2.31,2.05,0.56,1.05,1.54,2.17,1.97,0.56,1.13,1.34,0.62,1.5,0.67,444
0.59,1.61,0.68,1.44,1.02,2.11,1.6,0.72,0.4,1.62,1.51,0.59,2.2,853
1.99,2.1,1.54,0.45,1.4,1.43,0.8,1.46,1.53,1.61,1.54,1.73,2.33,890
1.91,1.22,2.15,1.08,1.91,0.43,0.49,0.75,2.08,2.02,1.59,0.43,1.05,724
2.04,1.1,0.6,1.14,1.4,1.7,1.62,1.83,1.23,2.28,1.05,0.5,1.54,669
1.62,1.96,1.35,0.6,1.41,2.08,1.26,2.36,1.29,1.27,0.94,1.82,1.8,651
2.38,2.0,2.18,0.52,0.71,1.7,0.92,2.32,2.14,1.83,2.21,1.7,1.24,421
1.71,1.07,2.15,1.86,1.96,0.86,1.8,1.29,1.22,0.96,0.58,1.1,1.14,148
1.73,1.27,1.4,1.46,2.09,1.96,1.6,0.62,2.05,1.85,1.21,0.54,2.2,175
2.14,0.55,1.54,1.38,1.09,0.58,1.1,1.22,1.27,1.21,1.67,0.47,1.17,457
1.75,0.64,0.63,0.98,2.09,1.14,1.55,1.51,1.95,2.0,1.7,1.43,1.76,725
1.51,0.44,1.43,1.24,1.28,1.64,2.27,1.78,1.97,0.57,0.79,1.55,1.17,630
1.04,1.18,2.25,1.64,2.22,1.06,1.73,0.51,2.14,1.21,0.84,0.58,0.67,120
1.04,1.77,0.61,0.86,2.0,0.59,0.95,1.98,0.46,1.07,1.5,1.44,2.0,672
1.41,0.84,0.53,2.19,1.22,0.67,1.03,0.94,2.11,0.73,2.39,2.03,2.2,810
0.43,2.25,1.22,0.91,2.2,1.97,1.67,1.89,1.33,0.64,0.67,2.28,2.21,652
2.11,1.29,0.77,1.76,1.38,0.91,1.01,2.14,0.82,1.32,1.32,1.58,2.18,528
1.69,1.57,1.23,0.99,1.56,0.77,0.54,1.31,1.04,1.49,1.03,0.99,2.05,611
1.15,1.07,1.04,0.62,0.76,0.57,1.76,1.37,2.27,0.91,0.74,1.89,0.92,751
0.94,1.35,0.81,1.73,1.84,1.75,2.15,0.8,1.27,1.76,1.62,1.95,2.22,264
0.77,1.32,0.59,0.75,0.75,1.16,2.26,0.57,2.33,2.16,1.63,2.37,0.85,222
1.28,2.08,0.9,1.73,1.01,0.78,2.18,0.98,1.57,2.11,2.29,0.82,2.23,881
1.91,1.61,0.76,1.58,1.16,1.3,0.41,1.71,0.67,0.52,0.43,1.72,0.9,520
1.79,2.02,2.04,1.2,0.88,0.94,1.6,1.32,0.88,0.41,1.32,1.03,0.77,677
0.43,1.08,0.81,0.65,1.49,1.99,0.86,1.71,2.09,0.53,2.22,0.82,0.78,78
0.69,0.41,0.71,0.76,2.15,0.92,0.9,2.09,1.74,0.88,2.12,1.86,0.79,195
1.77,1.5,1.47,2.16,1.78,1.48,1.04,1.41,2.22,1.12,2.01,2.12,1.58,409
0.65,1.23,1.99,1.17,2.02,0.86,1.13,1.43,1.02,1.92,2.21,1.44,1.36,284
0.91,1.05,1.42,1.33,0.94,1.25,1.04,0.84,1.0,1.48,1.19,2.06,1.12,773
0.87,0.92,1.74,0.46,2.18,2.2,0.8,1.1,1.1,2.33,0.66,1.66,1.06,894
1.57,1.23,2.3,1.68,2.08,1.36,1.78,0.72,1.95,1.52,2.03,0.91,0.95,237
1.21,2.13,1.82,1.49,1.79,1.22,1.03,0.67,1.91,0.73,1.48,1.68,0.76,197
1.14,0.71,2.37,2.17,1.85,0.79,1.92,0.75,1.46,1.76,0.8,1.96,1.58,4
0.53,0.55,2.3,1.88,1.62,2.14,1.81,1.98,1.25,1.17,0.71,1.16,2.03,93
0.49,0.96,1.01,1.63,0.7,2.14,0.98,1.25,0.41,0.61,1.14,1.38,1.2,743
0.78,1.41,0.43,2.04,1.68,1.94,1.49,2.36,1.52,1.35,0.87,0.6,0.53,25
1.27,2.19,1.54,1.83,2.12,2.12,0.45,1.65,1.94,0.69,1.53,0.8,1.99,111
0.86,0.68,1.26,1.78,1.58,1.52,1.48,1.68,2.28,2.23,1.99,2.19,1.11,191
0.94,1.6,0.62,1.15,1.29,1.17,1.64,0.41,0.85,1.24,2.37,0.48,2.18,823
0.99,1.99,0.92,2.28,1.89,1.09,2.05,1.11,2.36,1.39,1.7,0.7,1.42,141
1.3,0.67,0.86,0.97,2.35,0.72,1.6,0.88,2.04,1.52,0.66,0.73,2.21,725
2.34,1.91,1.28,1.6,1.25,1.92,0.92,1.03,1.4,1.03,0.87,1.18,2.23,471
0.65,1.44,1.52,1.02,1.31,0.86,1.34,2.24,0.42,2.17,0.9,2.12,1.55,96
1.76,0.81,0.84,1.79,0.45,1.37,0.85,0.41,1.83,1.6,1.3,0.56,0.83,455
2.18,1.91,1.64,1.85,1.14,2.26,1.77,0.85,2.21,1.12,0.66,1.99,1.19,597
1.95,1.16,0.78,1.88,0.72,2.22,0.74,1.87,1.88,1.01,0.77,0.73,2.22,545
2.06,2.22,1.52,1.82,1.31,0.57,0.92,0.47,1.64,0.86,1.55,1.5,1.99,437
1.42,1.76,1.71,1.51,1.32,1.73,0.86,2.01,2.38,1.11,0.85,0.71,1.21,19
0.84,1.85,2.3,0.58,0.46,0.48,0.62,0.6,0.94,1.54,0.45,1.03,1.38,829
1.28,0.86,0.58,1.04,0.74,1.21,2.04,2.1,1.84,1.31,1.91,2.31,1.56,162
2.02,1.76,1.17,1.92,1.06,1.19,2.33,0.94,2.28,1.61,1.77,1.0,0.47,206
1.78,1.06,2.37,2.3,2.28,0.83,0.71,2.02,0.59,0.6,2.01,2.24,0.94,406
2.38,2.31,1.9,0.52,1.53,0.56,1.04,0.46,1.74,1.15,1.93,1.7,1.1,287
1.1,2.26,2.36,1.37,1.0,1.8,1.62,2.15,0.95,0.62,0.42,0.63,0.89,677
2.11,0.92,1.37,2.22,0.91,1.99,0.54,1.34,1.43,0.59,1.83,0.5,1.11,485
0.85,1.44,0.94,1.06,2.22,2.01,0.92,0.77,0.59,1.88,1.43,1.43,1.02,324
1.36,2.23,0.66,1.83,0.96,2.22,2.38,0.75,0.56,1.11,1.56,1.89,1.64,534
1.2,0.59,0.95,0.67,0.88,0.75,0.78,1.41,1.55,2.0,1.32,2.14,1.65,783
1.0,1.7,0.49,1.68,1.86,1.85,2.26,1.3,1.54,2.24,0.63,2.24,2.31,203
1.47,1.31,1.59,0.79,1.17,1.13,1.13,1.24,2.27,2.22,1.2,2.39,2.0,7
1.99,1.83,0.92,0.6,1.4,0.63,1.24,1.4,0.52,1.29,0.45,0.72,1.5,641
2.35,0.42,1.95,1.29,1.5,0.85,1.25,1.89,0.51,1.25,1.53,0.61,1.67,458
2.26,1.18,2.23,1.38,1.05,0.65,1.1,2.25,0.8,0.78,0.93,2.24,1.09,493
1.55,1.91,1.59,1.96,0.43,1.01,2.06,2.17,2.25,1.59,2.01,1.57,0.56,275
2.05,1.97,1.82,1.68,2.15,2.09,1.16,1.22,0.62,0.63,1.92,2.15,2.33,439
1.4,1.98,1.16,1.97,0.91,2.06,0.47,2.2,2.23,1.97,1.67,1.25,2.31,543
1.48,1.18,0.5,1.05,0.98,1.17,1.46,0.57,0.59,0.88,1.94,0.57,0.68,446
1.28,1.34,1.66,1.1,2.36,0.53,2.1,0.82,1.55,1.92,1.8,1.43,1.7,4
1.8,1.8,0.46,2.33,1.04,2.32,0.56,1.16,0.95,1.45,0.95,0.59,0.48,23
1.74,0.72,1.4,1.32,1.79,0.82,2.23,2.32,0.64,0.61,0.93,1.05,0.67,399
1.25,0.63,2.14,2.11,1.59,1.94,2.18,0.54,0.81,1.81,1.77,1.85,0.91,359
1.31,2.05,0.41,0.54,1.03,1.2,2.06,0.62,1.76,0.86,1.42,2.18,2.36,534
1.12,2.07,1.48,1.83,1.19,0.73,2.11,2.09,1.69,2.24,0.79,0.75,0.57,245
0.67,2.06,0.89,1.55,1.81,1.31,1.72,0.69,2.13,0.82,1.73,1.67,1.6,201
1.38,0.7,1.31,1.85,2.19,1.9,1.49,2.35,1.73,2.15,1.86,0.53,1.03,26
0.89,0.4,2.27,0.88,1.16,0.71,2.19,0.79,2.09,0.42,1.03,2.38,1.49,630
1.62,1.85,2.31,1.83,0.84,1.99,1.21,1.21,1.48,2.17,2.24,1.27,1.59,886
1.11,1.8,2.14,1.2,1.1,1.04,2.15,0.45,1.16,0.9,1.25,0.58,1.38,768
0.82,1.25,1.52,2.08,2.35,0.74,1.52,1.03,0.79,2.02,1.56,1.86,1.22,325
2.39,1.66,0.52,1.83,1.79,1.23,1.45,1.3,0.9,1.16,1.26,2.18,1.8,498
1.31,1.78,0.77,2.04,2.09,2.38,0.99,0.57,1.46,0.42,2.2,0.83,1.06,52
1.26,2.27,1.26,1.92,0.64,0.85,0.8,0.43,1.71,2.01,2.07,1.44,1.21,886
0.93,2.38,1.35,2.28,1.26,2.02,0.84,0.83,1.42,2.22,1.75,1.89,1.43,885
2.1,0.82,1.66,1.01,2.13,1.3,0.49,0.56,0.88,0.41,1.05,0.49,2.33,579
1.79,1.64,0.54,1.61,2.38,2.4,2.03,1.29,0.96,0.78,2.13,1.2,2.26,502
0.53,1.54,1.02,1.96,1.92,2.31,1.2,2.07,2.09,1.51,0.74,1.59,1.02,25
1.57,1.69,1.49,1.73,1.7,0.91,0.99,1.79,1.57,1.42,0.94,1.5,1.37,614
1.01,1.09,1.58,2.21,1.02,2.07,0.71,0.79,0.74,0.42,0.69,1.77,1.48,746
1.19,1.6,0.46,1.74,1.47,1.74,1.82,1.23,2.11,1.45,1.78,0.65,1.27,142
0.44,0.6,1.11,1.1,1.51,1.98,1.48,0.55,1.71,1.08,2.29,1.16,0.48,136
0.44,0.98,1.47,2.18,2.01,2.09,2.32,1.59,1.72,1.8,2.27,1.75,0.77,218
1.9,2.04,2.1,1.78,2.1,1.02,1.15,1.18,2.05,0.94,1.47,2.35,0.94,349
0.48,1.59,1.28,1.82,1.88,1.56,1.03,1.01,1.66,1.03,1.73,2.11,0.43,166
0.76,1.69,1.22,1.85,0.58,1.0,0.53,0.76,0.88,0.67,2.34,1.35,1.55,825
1.84,0.49,1.33,1.57,1.94,1.26,1.68,0.9,0.69,0.99,1.04,0.65,1.93,579
1.04,2.33,1.39,1.08,2.12,2.32,1.59,0.95,2.39,0.57,0.55,0.96,1.27,19
0.76,1.56,1.53,0.49,1.8,0.74,2.15,2.12,0.98,0.84,0.54,1.08,1.93,761
1.14,1.43,1.12,1.7,1.78,1.52,2.24,1.02,1.36,0.76,2.2,1.44,0.62,137
0.95,2.18,1.7,2.08,1.96,2.23,0.89,1.53,1.02,1.74,1.01,2.15,2.31,835
1.76,1.13,2.02,2.09,0.81,0.63,1.66,0.6,2.29,2.11,0.62,1.5,2.14,601
0.4,2.01,1.03,1.67,2.07,1.01,1.92,1.71,1.02,1.84,0.78,0.6,1.17,761
0.73,0.86,0.56,1.01,1.84,0.45,2.37,0.47,2.13,1.56,0.42,1.81,1.97,751
2.32,0.46,1.37,0.43,1.24,1.79,1.38,2.24,1.41,0.56,0.91,0.87,1.22,548
0.5,0.43,0.42,1.92,1.84,0.73,1.52,1.78,1.0,1.11,1.45,2.04,2.32,871
1.66,1.68,2.13,0.57,1.06,1.57,0.85,2.21,1.21,0.88,0.44,1.38,2.37,650
0.6,0.73,0.52,0.62,2.07,0.43,0.81,2.36,2.33,1.99,0.46,2.18,1.86,8
2.18,0.71,0.55,1.57,1.42,0.79,0.86,0.94,2.2,1.85,0.59,1.55,1.7,723
0.72,1.51,1.89,2.15,0.44,1.26,1.93,1.61,0.63,0.5,1.35,1.0,1.33,737
1.94,1.09,1.06,0.88,0.71,1.6,0.98,2.34,0.95,0.86,1.59,0.59,1.94,547
1.93,2.01,2.25,1.41,1.52,2.02,0.89,2.17,1.73,0.45,1.56,2.38,2.07,409
1.1,1.15,0.64,1.87,1.18,1.48,1.44,0.45,1.59,1.08,0.47,2.38,1.14,688
2.06,0.61,2.31,1.33,1.34,1.87,1.84,0.55,2.39,1.24,1.56,2.26,1.39,600
1.62,1.16,0.95,1.87,0.66,1.92,0.82,0.98,2.21,2.32,0.74,1.62,2.39,571
0.41,2.14,1.12,0.56,1.01,0.76,2.13,0.8,0.95,2.27,0.75,1.27,2.02,761
0.63,1.56,1.62,2.32,1.14,1.41,2.4,1.72,1.38,2.37,1.26,2.25,0.76,186
1.07,0.62,0.81,1.28,2.28,2.05,1.85,2.13,1.48,1.72,0.55,0.93,1.02,26
0.45,0.8,0.4,2.01,1.17,1.08,1.83,2.34,1.34,0.49,0.9,1.41,0.66,338
0.99,1.45,2.2,2.13,1.49,1.28,2.17,1.89,1.58,0.48,1.03,1.5,1.71,93
1.21,0.91,2.33,0.64,1.14,1.8,1.07,1.57,2.08,0.64,2.0,2.08,1.5,74
0.96,1.15,1.56,1.82,2.03,2.13,0.93,2.11,1.05,1.02,0.71,2.35,1.75,776
1.41,1.71,1.95,1.08,1.75,1.01,2.23,1.51,2.2,2.36,0.88,0.68,0.56,28
1.76,2.2,1.15,2.08,1.74,2.1,1.41,1.87,2.15,2.39,1.1,1.39,1.76,143
2.2,1.77,0.87,1.28,1.17,1.81,2.31,1.81,0.6,0.62,0.73,1.17,2.26,563
1.13,1.85,1.67,1.49,0.65,1.07,1.17,0.55,0.8,0.74,2.26,1.35,0.87,448
0.95,1.37,2.37,0.47,1.04,0.78,0.89,1.84,0.5,1.36,1.9,1.22,0.74,315
0.82,0.43,0.89,2.26,0.64,0.99,2.32,0.6,2.31,1.75,2.3,2.3,2.16,191
1.1,2.01,1.43,0.83,2.39,1.63,2.3,2.08,2.32,0.67,0.88,1.62,1.98,622
0.82,1.6,0.45,1.91,0.47,0.9,1.73,2.32,1.41,1.59,1.92,0.97,2.01,880
1.72,1.48,0.51,1.08,2.04,0.51,0.81,1.08,2.32,0.92,2.07,1.87,0.77,258
0.67,1.41,0.95,0.74,1.46,1.79,0.76,0.99,0.53,1.34,0.41,0.63,1.95,671
1.18,1.58,2.33,2.25,1.54,0.66,2.39,2.21,1.16,1.6,2.03,0.5,2.4,61
0.48,0.43,1.64,2.33,0.75,1.52,0.96,1.43,1.58,1.75,2.17,0.86,2.26,871
1.78,1.64,0.55,2.34,1.7,1.73,0.95,0.62,1.85,2.26,0.97,1.1,1.0,114
0.48,1.15,1.92,1.09,1.29,0.51,1.47,1.93,2.16,1.17,1.22,1.19,0.79,30
2.06,2.14,1.03,2.32,2.02,1.12,2.16,1.47,1.69,1.02,0.57,2.19,2.25,562
1.87,1.56,2.32,2.32,2.2,1.69,1.32,1.76,1.41,0.41,2.06,1.04,0.63,237
1.21,1.03,1.01,1.49,1.28,1.7,1.81,0.57,1.54,2.14,2.1,2.35,1.19,251
1.22,0.72,1.86,0.61,1.5,1.56,2.03,1.51,0.63,0.91,0.52,1.58,1.33,711
1.61,2.34,0.94,0.71,2.21,2.38,1.63,1.17,1.26,1.49,1.33,1.22,0.83,413
0.83,2.22,2.01,1.29,0.46,0.8,0.42,1.23,2.08,2.14,1.53,0.44,2.2,888
0.68,1.56,2.3,0.97,1.57,2.24,2.31,0.68,1.59,1.24,2.01,1.3,1.16,270
0.97,1.53,1.23,2.34,1.63,1.11,0.96,1.12,0.52,2.26,1.4,1.61,0.56,326
1.96,2.02,0.49,2.28,2.04,2.23,1.08,1.43,1.42,0.6,1.49,2.04,0.94,441
1.52,1.15,1.69,1.81,0.48,0.91,1.32,2.07,1.55,1.74,1.66,1.71,0.48,451
1.79,0.47,2.02,0.9,0.55,1.09,2.03,2.14,2.29,1.03,1.75,2.2,0.7,570
1.53,0.63,2.19,2.12,0.45,1.18,1.98,0.74,1.81,1.95,2.29,2.16,1.57,450
1.97,1.25,1.38,0.5,1.5,1.54,1.72,1.99,1.81,0.57,1.63,1.4,1.81,651
1.51,1.59,2.03,2.02,0.66,1.14,2.1,0.73,1.8,0.88,1.11,2.12,1.34,597
1.35,1.21,2.12,1.92,2.03,1.17,2.28,2.25,0.49,0.84,1.37,0.76,2.08,31
1.81,2.17,2.26,0.7,1.18,1.21,1.86,1.79,0.92,1.02,2.22,1.02,1.92,679
1.68,1.17,1.2,0.6,1.23,1.36,1.41,1.55,0.56,2.31,0.47,1.41,1.87,669
2.03,0.8,0.84,0.92,1.68,1.46,1.39,1.77,1.51,1.05,0.86,1.1,1.69,579
2.25,1.63,0.53,1.14,2.11,1.35,2.34,1.22,1.88,0.88,2.21,0.79,1.95,532
1.91,1.5,1.13,1.05,1.61,2.08,1.37,1.28,0.69,0.41,0.73,0.6,0.75,519
0.89,2.19,2.23,1.29,2.34,0.53,0.86,0.43,2.35,0.75,2.31,0.95,1.72,228
2.33,1.61,1.01,0.47,0.45,1.6,1.0,0.92,1.25,1.2,0.54,1.2,1.38,550
1.48,1.61,2.24,0.59,1.69,1.81,0.67,1.13,0.66,1.76,2.1,1.83,1.04,315
1.1,1.22,1.97,0.96,2.1,0.73,0.45,0.9,1.34,0.45,0.65,1.36,0.63,461
1.64,0.69,1.92,0.91,0.76,0.94,1.31,2.36,2.34,0.59,1.79,0.53,2.06,875
1.42,2.08,1.97,1.08,1.76,2.2,0.93,1.72,1.11,2.25,2.06,1.83,1.84,892
0.63,0.55,1.61,2.05,0.76,0.53,1.06,1.48,1.9,0.44,0.64,1.21,2.26,872
0.6,2.31,1.97,0.97,0.82,1.28,1.91,0.74,0.72,1.74,1.89,0.89,1.03,799
1.82,1.11,1.81,1.89,0.54,1.36,1.18,1.8,0.68,1.58,0.76,1.2,1.03,395
1.46,2.24,0.49,2.3,1.67,1.76,0.79,0.98,0.59,1.34,0.9,1.67,1.66,776
0.86,1.16,1.47,1.93,1.21,0.62,2.27,1.22,1.47,2.02,1.94,1.92,1.41,221
1.83,2.26,2.0,0.48,2.09,1.93,2.4,0.97,0.49,2.3,2.22,1.77,2.35,353
0.79,1.47,1.42,1.4,1.0,2.17,1.9,2.17,0.99,1.21,1.01,1.91,0.9,654
2.04,1.88,0.96,2.09,0.43,1.79,0.5,0.77,2.01,1.48,1.5,0.7,0.92,454
0.55,2.08,0.96,1.1,1.98,2.02,2.21,1.13,1.96,1.59,2.27,0.61,1.35,171
1.9,1.11,2.0,1.16,1.4,0.75,0.8,1.79,1.06,2.35,0.76,1.69,1.18,523
1.18,0.54,0.67,0.49,0.44,1.69,1.62,1.7,1.95,1.87,1.24,2.0,1.82,71
1.28,1.84,0.67,0.7,2.27,2.24,0.42,0.54,1.29,2.36,2.19,2.22,0.87,353
1.45,2.26,2.24,1.57,0.87,0.95,0.52,2.07,2.36,0.73,0.79,0.67,1.23,676
1.5,1.18,1.91,1.68,1.81,2.33,1.58,1.52,0.5,2.35,1.91,2.09,1.39,328
1.77,1.72,1.93,0.8,0.6,2.13,1.42,2.16,0.69,0.97,1.17,1.24,0.77,678
1.91,1.0,1.69,0.66,0.88,0.81,1.97,0.58,1.96,1.65,0.63,1.43,1.78,721
1.58,0.52,2.05,2.15,2.04,0.93,1.88,0.76,1.34,2.3,0.45,1.51,1.81,4
2.29,1.28,0.62,1.96,1.94,2.12,0.77,1.95,2.27,2.1,0.53,1.38,1.19,85
1.22,0.5,1.02,1.5,1.42,0.67,1.99,2.25,2.2,1.58,1.83,0.52,0.5,306
1.04,1.68,0.99,0.6,2.22,2.1,2.33,1.86,1.82,1.08,2.34,1.81,2.26,46
1.24,1.35,0.45,1.75,1.13,1.03,1.26,2.4,2.22,0.83,1.01,1.46,1.84,71
1.1,0.56,1.81,0.91,1.5,1.19,1.57,0.42,1.22,1.9,1.24,1.33,1.14,312
1.2,1.02,0.81,0.44,1.12,1.15,1.09,2.12,1.22,0.81,2.05,1.29,1.6,15
2.23,0.6,2.38,1.3,1.77,1.75,1.32,0.66,1.53,1.19,1.42,1.0,1.11,208
2.36,0.66,1.55,1.5,1.96,0.59,0.43,1.29,1.01,0.84,0.41,2.01,1.0,463
1.47,1.55,0.46,0.53,1.19,1.85,1.89,1.62,2.14,0.79,1.8,2.23,0.45,135
1.72,2.29,2.04,1.76,0.76,1.94,0.46,0.79,1.52,1.25,2.13,0.41,1.51,886
0.8,1.52,0.81,2.36,1.43,1.28,2.07,0.88,2.0,2.06,1.62,1.88,1.72,204
1.54,1.13,2.02,1.67,1.97,1.97,1.32,0.8,0.43,1.21,0.73,2.16,2.17,836
2.21,1.12,2.19,1.69,0.61,1.08,2.04,1.02,0.69,0.54,2.07,1.8,2.4,450
0.95,0.57,0.79,2.09,1.83,0.84,1.55,1.38,1.91,1.66,0.92,0.62,0.54,337
1.92,2.05,0.53,1.94,2.22,1.69,1.05,2.3,1.01,1.11,1.82,0.91,2.32,500
0.96,1.93,2.34,0.63,1.88,1.03,1.31,1.27,1.51,2.19,1.83,1.1,1.99,890
1.18,1.53,2.29,0.64,1.79,2.18,1.88,1.59,0.47,0.51,1.81,1.35,1.48,679
1.36,0.49,0.85,0.58,0.81,0.77,0.61,2.06,0.44,2.03,0.9,0.84,1.1,640
1.99,0.89,0.45,2.17,0.48,1.18,0.46,1.43,0.91,1.61,1.21,1.66,0.63,426
2.4,1.7,1.2,0.74,1.64,1.44,2.08,1.81,0.4,2.19,0.76,1.53,0.86,243
2.2,0.88,2.39,1.39,1.29,1.52,1.66,0.85,1.86,0.48,1.89,0.52,0.56,208
0.78,1.4,1.69,0.94,1.9,1.84,2.29,1.86,1.07,1.95,1.15,1.37,1.74,94
0.52,1.89,1.22,0.47,1.51,1.73,1.94,1.68,1.49,1.67,1.29,2.4,1.51,38
1.19,0.94,1.95,0.51,2.25,0.63,0.87,1.73,2.12,1.47,2.09,1.4,1.27,256
0.89,2.22,0.76,2.09,1.07,0.84,1.38,1.35,0.59,1.94,0.75,2.16,0.42,186
0.95,0.57,0.83,0.45,0.88,1.76,1.66,2.39,2.2,1.54,1.86,1.17,1.9,132
0.54,0.59,0.49,1.41,0.45,1.62,1.56,2.1,1.31,1.41,1.69,2.14,1.7,102
1.43,1.8,1.6,0.45,1.5,0.67,2.36,1.61,2.01,1.55,1.77,0.64,1.68,877
0.76,2.23,0.43,1.01,1.96,1.6,1.41,2.37,1.93,0.88,2.01,1.18,1.05,17
1.72,1.75,0.67,0.87,0.85,1.15,0.94,0.49,0.78,1.39,2.17,2.35,1.51,475
1.03,0.86,1.79,0.85,2.07,2.11,2.07,0.95,0.97,0.67,1.68,1.23,0.66,712
1.15,0.78,0.9,2.16,0.93,2.02,2.17,0.7,1.59,0.74,1.05,2.37,2.25,688
2.35,1.35,2.26,1.57,0.63,1.23,2.01,0.62,1.55,1.78,2.34,0.55,1.84,238
1.91,2.13,1.99,0.58,1.39,1.54,2.3,2.38,1.77,2.15,0.53,1.01,0.89,213
1.29,1.55,0.47,0.79,1.34,2.34,0.91,1.54,0.98,2.18,0.48,0.9,1.42,670
2.22,2.37,0.78,0.86,1.68,2.19,0.86,0.63,2.39,2.34,0.97,1.01,1.19,144
0.59,0.78,1.3,1.18,0.56,1.62,1.48,1.89,2.26,1.74,1.84,1.54,2.25,131
0.69,1.34,0.58,0.75,1.7,2.09,1.59,1.98,1.44,2.3,0.87,0.78,1.2,27
0.53,0.98,2.1,1.39,1.77,1.94,1.27,2.31,1.71,2.38,1.5,0.96,1.21,27
1.4,2.02,2.36,0.71,0.45,0.84,1.99,2.3,0.9,1.56,0.48,2.29,1.46,183
0.46,1.14,2.13,1.5,0.71,2.27,1.56,0.84,1.24,1.12,1.61,1.24,0.63,360
0.66,0.76,1.55,0.72,1.88,0.96,1.31,0.6,1.53,1.79,0.94,1.02,1.59,785
1.16,1.66,0.51,1.44,0.74,1.48,2.39,2.17,0.52,0.9,1.6,2.15,0.89,624
1.69,1.87,0.51,2.02,1.97,0.61,0.64,1.98,1.59,1.63,0.48,1.35,1.5,613
1.28,2.37,1.66,1.77,1.93,2.21,1.59,1.9,2.32,1.94,2.28,0.83,1.85,141
0.86,1.67,1.94,0.79,1.33,1.74,0.87,1.67,0.84,2.27,1.42,1.01,1.27,892
1.73,2.01,1.4,2.38,0.64,1.9,1.32,0.59,2.22,0.79,2.2,2.29,0.42,510
0.58,0.56,1.63,1.46,2.18,0.96,1.25,1.88,1.23,1.39,0.95,2.02,1.42,35
0.86,2.38,2.27,1.34,1.05,1.55,1.04,0.71,2.3,0.6,0.57,0.56,1.83,737
1.48,0.8,1.76,2.19,1.37,2.03,2.15,0.68,1.5,0.74,0.61,2.29,0.55,628
0.45,2.38,1.26,1.56,1.73,1.12,2.09,2.13,2.18,1.2,1.47,1.56,1.72,200
0.78,1.33,2.29,1.94,0.9,0.93,1.07,1.46,2.14,1.44,0.59,0.92,1.4,706
1.41,0.91,1.53,0.61,1.64,2.32,1.92,0.89,2.32,0.7,1.66,1.21,1.19,210
1.69,1.88,2.32,0.46,1.06,1.94,2.28,2.32,0.87,0.78,1.93,1.62,1.49,679
1.06,0.86,1.21,1.37,0.77,0.64,2.16,2.25,0.97,1.48,2.28,0.69,0.89,849
0.95,1.51,0.78,0.77,2.07,1.22,1.39,1.35,2.13,0.43,1.52,0.99,1.58,78
1.72,0.59,0.67,1.67,0.76,2.33,0.97,1.62,2.4,2.06,2.2,1.01,2.17,542
0.49,1.87,2.35,1.27,1.39,2.03,0.51,2.18,1.03,1.73,1.05,1.85,0.94,893
0.48,1.7,2.06,0.57,2.2,1.39,1.67,1.72,1.71,1.43,0.44,0.49,0.72,30
2.16,1.37,1.87,0.81,1.15,0.99,2.33,1.59,0.58,1.96,1.14,1.88,0.42,243
1.18,2.36,1.14,1.74,0.56,2.33,2.1,1.59,2.12,1.85,0.84,0.44,2.36,173
0.53,1.25,1.09,1.58,1.49,0.67,1.37,2.12,0.76,1.29,1.42,2.18,1.56,127
1.73,1.15,2.38,1.57,0.8,1.26,1.97,1.57,1.81,2.39,0.62,0.87,2.31,601
2.3,2.22,2.22,1.48,2.33,1.28,0.65,2.21,0.84,0.99,2.37,1.6,0.9,378
1.99,2.21,0.5,1.51,1.87,0.44,2.12,1.76,1.27,1.99,0.45,1.83,2.34,530
2.05,1.71,1.99,0.97,0.56,1.37,1.32,1.15,1.04,1.5,1.95,1.1,0.43,363
0.48,0.41,0.98,1.15,2.13,2.2,0.72,1.67,0.57,1.73,1.22,1.54,1.83,727
2.34,0.48,0.94,2.24,2.08,1.17,0.55,2.25,0.91,1.81,1.73,0.97,1.64,427
1.11,0.42,0.86,2.16,2.3,0.61,0.71,0.48,1.45,0.5,2.34,0.97,1.4,810
1.08,0.77,2.16,0.66,0.44,1.45,1.42,0.81,0.57,2.25,1.72,1.38,2.03,830
2.25,1.99,1.9,0.61,2.32,2.29,0.68,1.91,0.77,1.64,2.15,0.9,0.71,349
1.05,1.6,1.87,0.75,1.35,1.5,1.4,0.79,2.21,1.07,1.32,0.54,0.55,180
1.96,2.02,0.63,1.02,2.12,1.58,1.19,2.1,0.58,1.88,2.09,0.55,2.27,500
1.61,1.25,1.73,1.1,0.78,2.11,0.49,0.7,2.13,1.85,0.51,2.27,1.58,896
1.07,2.37,0.6,0.44,1.6,0.63,0.62,2.0,1.41,0.9,1.43,1.21,0.56,287
0.92,1.75,2.1,1.66,1.16,1.65,2.11,0.76,1.68,0.93,1.65,1.26,2.03,768
0.92,1.59,2.06,1.2,1.54,0.85,0.57,1.53,0.5,1.44,2.25,1.67,2.23,345
2.08,2.05,0.98,0.69,1.98,1.9,0.72,1.24,0.83,1.92,0.48,1.8,2.22,412
1.98,1.2,1.81,2.13,0.86,0.49,1.7,2.14,1.25,1.45,0.8,2.14,0.77,524
1.6,0.99,1.62,1.77,0.75,0.86,0.76,1.0,1.59,2.23,1.13,1.95,1.33,524
1.13,0.94,0.89,1.25,2.34,0.99,0.43,0.76,0.86,1.68,1.23,1.34,0.54,401
0.8,1.68,2.03,0.88,1.55,1.02,1.56,0.9,0.5,1.98,1.39,0.83,0.67,356
1.12,1.19,1.61,0.97,1.71,2.22,2.03,1.34,1.16,0.57,0.55,1.18,0.96,682
1.64,0.83,1.03,1.08,1.86,0.94,1.25,1.16,1.24,0.65,0.67,1.67,1.88,550
2.05,1.25,1.99,1.03,0.64,2.36,0.44,1.01,0.72,1.76,2.22,2.3,1.13,361
1.08,1.91,1.38,2.2,0.95,1.21,2.18,1.09,0.88,2.36,1.51,2.39,1.47,156
2.17,2.36,1.21,1.63,0.76,1.86,0.51,0.46,1.4,2.33,1.77,1.5,1.8,885
0.87,0.6,2.39,0.7,2.18,0.7,2.02,1.41,1.26,1.43,1.02,1.0,0.83,30
2.1,0.53,1.77,0.42,2.33,1.09,0.95,2.03,2.12,2.3,1.46,0.78,1.66,695
0.99,0.53,0.89,1.7,2.29,1.24,0.66,1.57,1.99,2.1,1.69,1.95,0.82,249
0.51,1.56,1.06,1.4,1.08,0.76,1.44,0.66,1.98,0.5,1.9,2.16,0.62,196
2.39,1.78,1.58,0.65,2.21,0.68,1.64,1.56,2.02,1.15,0.79,1.59,2.12,664
0.48,2.29,0.75,1.96,2.01,1.86,1.46,1.56,1.98,0.94,0.66,2.14,1.73,201
2.29,0.44,0.61,2.35,1.99,1.89,0.68,0.57,0.68,2.03,1.8,0.79,0.56,116
2.1,1.42,2.25,0.45,1.45,1.37,1.46,2.26,2.3,2.11,2.1,1.05,2.0,604
0.41,1.62,2.34,0.49,0.45,2.08,0.45,2.03,1.97,1.67,0.59,1.32,1.5,892
0.95,1.32,1.26,2.36,0.78,0.42,0.61,0.87,1.23,1.24,1.35,0.81,1.75,795
0.73,0.91,1.71,2.27,0.43,0.75,0.54,2.23,2.05,1.46,1.41,2.35,2.25,872
1.26,0.77,2.09,0.66,1.48,2.28,2.19,2.23,1.86,0.69,0.79,1.28,1.51,681
2.05,0.7,1.28,0.82,2.24,0.47,1.07,1.54,2.1,0.9,1.14,1.97,1.23,462
1.84,1.83,0.68,0.94,2.39,0.79,2.37,0.48,0.55,1.92,1.99,1.85,0.99,385
0.87,1.03,1.74,0.79,0.6,1.97,0.87,1.94,0.91,1.2,1.96,0.66,0.81,394
2.25,0.82,1.05,1.16,0.67,0.63,1.72,1.08,2.26,1.18,2.13,2.36,1.55,540
1.54,1.99,1.08,1.53,1.63,0.61,0.85,0.97,0.96,0.73,1.02,1.62,1.68,467
1.48,2.31,1.1,0.79,0.74,0.45,1.18,1.28,1.94,1.65,2.25,2.31,1.22,287
0.79,0.82,1.09,1.26,1.16,1.81,1.55,1.43,2.23,1.29,2.16,0.76,1.67,162
2.17,0.47,1.81,0.56,1.5,1.42,0.47,0.68,2.14,1.62,0.93,1.24,1.99,724
1.26,1.09,0.44,0.96,1.52,0.47,1.65,1.15,0.89,1.09,0.64,0.95,0.86,400
2.27,1.93,1.12,1.24,1.51,2.2,0.51,1.7,0.68,1.21,0.93,2.38,2.29,441
1.41,0.62,1.53,1.83,2.36,1.37,0.69,1.41,0.8,2.24,1.97,0.74,2.12,726
2.39,1.89,1.74,0.74,0.88,0.85,2.03,2.39,2.26,2.36,1.81,1.91,2.28,633
1.28,0.48,2.22,2.26,1.23,0.48,2.13,1.84,0.73,2.1,1.16,1.52,1.61,2
0.87,0.91,1.77,1.91,1.24,2.05,2.07,1.1,0.44,2.33,2.08,1.28,1.52,329
1.74,2.26,1.08,1.49,1.46,1.77,1.94,2.22,0.51,1.19,0.54,1.19,1.39,590
1.45,1.39,1.25,0.41,0.98,1.09,1.73,1.37,1.81,1.17,1.0,1.57,0.67,721
0.57,2.22,2.17,1.18,0.93,2.16,2.12,1.38,0.87,0.45,2.28,2.04,1.15,739
1.34,1.52,1.86,0.63,2.27,1.67,1.15,1.39,1.87,1.55,2.03,1.54,0.49,320
2.39,0.82,0.8,1.23,1.6,1.08,1.68,2.31,1.9,0.81,0.8,2.25,0.78,521
2.32,2.08,2.08,1.13,2.26,1.8,0.48,1.58,1.86,2.16,2.29,0.99,0.9,349
1.81,0.56,2.02,2.38,1.01,1.79,2.23,0.6,0.93,1.83,0.94,0.8,1.29,359
1.75,1.83,2.37,1.93,0.97,0.95,1.94,1.24,1.78,1.16,1.89,1.85,0.77,480
1.88,1.82,1.06,0.49,1.91,0.53,1.11,2.3,1.16,2.15,1.96,1.41,0.64,288
0.82,1.75,1.48,1.35,1.92,0.66,0.96,1.56,0.53,1.35,2.26,0.5,0.73,316
2.34,0.91,1.31,0.82,1.49,0.52,0.97,0.87,1.97,1.42,1.38,1.06,1.87,694
1.63,0.67,1.98,1.68,2.03,2.13,2.29,1.38,1.27,1.47,2.0,0.57,0.92,268
1.29,0.77,2.02,0.94,1.92,1.16,1.97,2.14,0.68,1.37,1.68,2.19,0.98,94
1.34,0.74,0.9,1.52,2.17,2.33,0.47,0.65,1.39,1.96,1.28,2.37,1.71,837
2.22,1.41,0.78,2.21,1.8,1.18,1.46,0.95,1.36,0.59,0.56,1.3,0.71,368
1.8,1.34,0.64,2.15,0.98,1.89,1.44,0.42,1.95,1.47,1.18,0.75,1.15,144
1.15,0.62,0.62,0.82,0.82,1.35,0.7,0.93,1.93,1.59,2.16,0.98,0.67,194
0.82,1.87,1.05,1.35,0.61,0.83,0.42,1.73,1.29,0.9,1.06,0.95,1.38,705
0.94,1.82,1.61,1.66,1.48,1.54,2.33,2.03,1.21,2.35,0.92,2.28,1.05,185
1.03,1.97,1.75,1.87,1.66,1.23,2.04,2.08,1.24,1.54,1.18,0.67,0.53,245
1.81,0.81,0.85,1.54,2.02,0.81,2.12,0.47,1.39,0.5,2.25,2.33,2.07,750
1.84,1.59,1.61,1.97,0.91,1.1,0.42,0.72,1.45,2.25,1.76,0.82,0.88,886
0.77,1.23,2.17,1.22,2.32,1.77,0.88,0.48,2.39,1.48,1.25,0.65,1.2,120
1.55,2.38,1.35,0.81,1.55,1.07,1.96,1.08,0.47,1.26,2.08,0.67,0.67,416
2.1,2.02,0.71,1.59,0.93,1.51,1.87,1.09,1.11,1.51,1.07,1.0,1.45,504
1.81,1.79,2.39,0.69,0.58,0.98,1.4,1.31,1.52,1.72,1.36,0.81,0.94,829
1.05,0.67,0.47,2.1,1.88,1.63,1.11,0.63,0.97,1.38,1.09,1.95,2.09,808
1.44,0.71,2.38,0.87,1.4,1.89,1.49,2.03,1.2,1.44,1.86,1.13,1.89,122
2.08,1.25,2.08,1.24,1.52,0.73,1.08,1.75,1.9,1.52,0.93,0.41,2.02,634
0.95,1.73,1.86,1.72,2.17,0.52,1.24,1.96,1.74,1.55,2.0,1.28,1.76,229
0.69,2.02,1.6,1.92,2.38,1.41,1.5,1.5,1.74,1.53,1.84,0.99,0.66,199
1.93,1.48,1.51,2.01,2.06,0.51,1.4,0.94,0.52,0.91,1.33,2.33,1.83,466
1.48,0.92,1.02,0.96,1.63,1.24,0.91,1.44,2.32,1.59,0.93,1.74,1.13,754
1.09,0.94,1.74,1.5,2.04,0.65,1.75,0.5,1.34,1.26,1.92,2.29,0.6,313
1.21,0.77,2.05,0.6,1.33,2.25,1.09,0.69,0.84,2.14,1.37,1.82,2.37,896
0.75,0.96,0.93,1.33,1.85,1.46,2.03,1.58,1.46,2.33,0.4,1.79,1.01,279
1.43,0.56,1.04,0.62,0.46,1.32,0.74,2.0,2.11,0.45,1.95,0.51,1.38,517
0.8,1.17,1.86,1.24,1.75,0.65,1.45,2.12,0.59,2.12,1.04,2.35,1.37,96
0.53,1.22,1.01,1.26,0.83,0.46,2.09,1.39,0.62,1.84,0.73,1.35,0.96,790
0.74,2.28,0.59,2.39,0.66,2.22,1.29,1.94,0.46,1.48,2.28,1.6,1.04,883
1.26,2.08,0.66,1.36,0.69,0.75,0.94,0.85,1.75,0.52,1.69,0.85,2.01,764
1.25,1.21,1.86,0.52,1.43,0.54,0.92,0.77,1.36,2.2,1.76,2.22,0.71,284
0.46,2.39,0.87,0.8,0.49,0.43,0.6,2.25,1.98,2.14,1.07,1.8,1.51,10
1.67,0.61,0.74,0.87,1.69,0.56,1.47,1.12,1.19,2.11,0.9,2.09,0.57,340
0.63,0.47,1.69,1.7,1.31,1.07,1.03,1.72,2.37,1.04,0.98,1.2,1.48,843
2.2,0.48,1.71,0.61,1.9,1.4,0.86,2.09,0.73,0.41,1.27,1.54,1.93,548
1.96,1.1,1.45,0.59,1.37,1.47,0.82,1.74,0.48,2.02,2.33,1.93,1.35,331
0.48,1.72,1.56,2.24,1.42,0.98,1.13,0.97,0.58,0.84,0.57,1.76,1.59,745
1.35,1.84,1.57,0.68,1.54,0.54,1.81,1.96,2.13,0.83,1.95,1.34,2.25,876
2.2,1.41,1.31,2.17,0.67,0.49,1.45,1.06,1.41,1.64,0.59,1.36,1.39,524
1.09,1.07,1.41,1.45,1.65,0.69,1.91,2.32,1.98,1.4,2.28,0.74,1.74,877
2.18,0.52,0.63,0.74,1.1,1.49,2.29,1.88,1.8,0.46,1.61,0.96,0.88,547
0.98,0.88,1.44,1.8,1.05,1.51,1.05,1.95,0.75,1.74,1.14,2.15,0.74,156
0.53,1.6,1.17,1.73,1.81,1.28,1.19,2.06,1.97,2.01,1.47,2.35,1.35,128
1.12,2.34,0.91,0.95,1.17,1.89,1.11,1.97,0.4,1.91,0.4,1.19,1.78,700
0.41,1.38,0.58,1.64,2.39,2.23,1.78,1.36,1.36,2.38,1.42,1.29,1.62,264
2.21,0.5,1.64,1.6,0.51,1.9,0.61,0.91,1.61,1.15,1.85,0.85,1.14,485
0.77,1.42,1.21,1.51,1.79,0.97,1.39,1.85,1.71,1.81,2.36,2.13,1.44,190
1.6,0.69,1.74,1.59,1.18,2.27,1.94,1.31,0.97,1.45,0.67,0.61,2.06,637
0.64,0.52,1.2,2.2,1.54,1.05,0.95,2.19,1.84,1.67,2.11,2.23,0.69,189
1.57,0.58,1.71,1.64,1.59,2.36,2.09,0.77,1.06,2.35,1.92,0.85,2.14,330
1.51,1.8,0.87,2.01,0.58,0.92,1.4,1.53,1.25,1.25,2.23,0.97,1.62,881
2.04,1.98,0.67,0.66,1.75,1.38,1.74,1.05,2.27,0.59,1.72,0.76,1.04,18
1.32,1.65,1.26,1.19,2.32,1.72,2.13,1.63,2.15,2.18,0.52,1.49,2.26,6
1.82,1.33,0.76,0.63,0.88,1.47,1.46,2.06,1.53,0.97,1.02,0.73,1.63,577
2.28,0.76,0.92,1.0,0.77,0.44,0.87,0.73,0.43,1.12,1.78,1.96,0.95,403
0.78,1.88,1.03,2.17,1.55,1.86,1.32,1.62,1.03,1.71,2.37,2.19,1.18,188
0.62,1.72,0.82,1.02,1.02,1.14,0.53,2.08,2.14,0.77,1.67,2.2,1.3,13
1.64,1.18,1.5,0.45,1.06,2.08,2.04,0.53,1.68,1.85,1.68,1.34,0.83,210
1.03,1.22,1.64,1.51,1.8,1.02,2.15,1.46,1.74,0.5,1.63,1.03,0.57,167
1.66,2.3,2.34,1.76,2.31,2.02,1.8,0.51,1.15,2.06,1.73,2.2,2.32,353
1.69,1.62,1.55,2.23,0.49,0.76,0.51,1.35,1.58,2.13,1.91,2.2,0.68,451
1.07,1.0,1.54,1.64,1.39,1.79,2.17,1.73,1.12,1.68,0.68,1.68,1.23,154
0.54,0.51,1.53,1.67,1.15,0.72,1.86,0.91,1.88,1.74,1.16,2.4,2.08,841
2.32,0.97,0.53,0.98,1.97,1.99,0.96,0.58,2.19,2.17,1.22,0.48,1.61,145
2.0,2.36,1.81,1.63,1.31,0.8,1.63,1.07,0.46,1.59,0.43,0.62,1.2,616
0.91,0.76,1.98,0.9,1.04,0.64,1.82,1.95,0.82,0.74,1.87,1.21,1.87,876
1.73,1.0,0.78,2.0,2.29,1.94,0.45,2.14,1.35,0.89,1.87,1.28,2.05,840
1.26,2.3,0.87,0.72,1.89,1.98,1.69,1.98,1.45,0.69,1.19,1.46,0.45,18
1.97,1.87,2.03,1.44,1.39,1.11,0.74,0.54,0.7,0.51,1.28,1.71,1.65,436
1.25,0.86,1.14,0.5,2.12,1.15,1.22,1.72,0.58,1.47,2.14,0.78,2.0,757
1.69,0.46,0.93,0.78,2.12,2.35,0.88,1.34,1.29,1.01,1.24,0.46,2.25,608
1.22,1.73,1.52,1.64,1.65,0.86,1.54,2.1,1.45,1.3,1.75,1.05,1.75,878
2.35,1.31,0.76,0.52,0.41,0.45,2.38,0.59,2.01,1.6,0.62,2.35,2.17,691
1.0,2.38,1.03,2.19,1.29,1.01,1.75,1.11,0.87,1.07,1.59,0.67,1.94,793
1.57,2.31,0.91,0.99,2.15,1.63,1.27,0.94,0.79,0.54,0.77,1.47,1.34,443
2.27,1.19,1.53,1.67,0.78,2.22,1.16,2.05,1.42,0.9,0.45,1.43,2.24,576
0.7,2.2,1.94,1.71,2.38,1.25,1.29,1.15,1.02,1.64,2.34,1.42,1.25,325
1.88,0.98,1.03,0.81,2.14,0.61,1.08,1.74,2.32,2.16,1.52,1.81,2.37,695
1.28,1.04,0.41,2.23,1.7,0.56,1.53,1.54,1.27,1.77,1.52,2.13,1.99,159
1.28,0.95,1.57,2.29,0.71,2.34,0.62,1.56,1.34,0.95,1.89,2.16,2.37,900
0.95,1.86,1.99,1.37,1.46,2.06,0.5,1.87,2.21,0.95,2.23,0.61,1.87,20
1.76,0.78,1.52,2.12,1.2,2.39,0.46,0.8,0.63,2.18,0.89,2.24,1.8,837
1.71,1.05,0.81,1.65,1.45,1.11,1.75,2.17,1.84,1.79,1.41,2.26,0.61,277
1.47,0.41,1.29,2.32,0.99,2.38,1.75,2.19,2.22,0.97,0.66,1.74,1.37,658
1.0,1.53,1.52,2.1,1.0,1.49,2.16,0.84,1.87,0.59,2.29,1.18,2.15,794
1.67,1.31,2.18,1.54,0.88,1.34,2.19,1.89,0.78,2.32,1.73,1.07,2.14,123
0.51,2.31,0.98,1.07,1.31,1.97,0.82,2.23,2.02,0.44,0.7,1.06,1.22,19
2.3,0.95,1.02,0.54,2.35,0.68,0.41,0.65,1.17,1.68,0.43,1.31,1.16,581
2.21,1.58,2.09,1.59,2.03,1.14,1.02,1.18,1.5,2.23,2.4,1.86,1.52,349
2.14,0.72,2.23,0.84,0.51,0.76,1.49,1.75,1.02,0.72,1.88,0.44,2.18,547
1.18,0.84,1.93,1.7,1.46,2.21,1.12,1.9,2.08,1.87,1.93,1.02,1.74,270
1.87,0.55,1.93,1.58,2.02,1.4,1.82,2.26,0.92,1.85,2.29,1.91,0.79,271
1.63,1.71,1.05,1.97,1.74,1.16,2.08,2.1,1.19,1.87,2.05,1.96,0.67,246
1.87,2.09,2.13,1.13,0.63,0.59,1.03,1.54,0.59,1.81,1.93,1.49,1.72,888
1.81,1.87,0.87,0.98,2.16,2.02,1.59,1.44,2.02,2.31,1.04,1.64,0.79,85
1.94,1.62,0.54,1.82,0.55,1.03,1.86,0.75,1.42,1.8,1.87,0.77,0.62,446
1.23,0.88,1.0,2.39,2.0,1.64,0.73,1.37,1.66,1.27,1.06,2.02,1.8,778
1.56,1.7,1.48,0.63,1.44,0.83,1.06,0.87,1.15,2.09,1.21,2.07,1.07,284
1.28,0.76,2.17,2.02,1.58,1.33,0.72,0.4,2.21,0.85,1.13,2.03,2.38,749
1.18,1.37,1.01,0.52,0.57,1.0,0.84,1.65,2.35,0.77,2.07,1.94,1.72,13
2.17,0.85,2.39,1.54,2.27,2.1,1.51,0.66,1.1,2.32,2.04,1.18,0.68,267
1.45,1.41,1.06,0.62,0.77,0.58,1.59,0.56,2.4,0.52,1.8,1.52,1.7,722
1.38,1.92,0.77,0.42,1.62,0.46,0.68,0.74,1.39,1.63,0.76,0.5,2.36,672
0.72,1.39,0.59,0.94,1.61,1.9,2.09,0.64,2.07,1.64,1.63,1.54,1.86,233
1.54,1.81,1.83,1.14,1.75,2.21,2.04,1.78,1.97,0.8,0.44,1.38,1.69,651
1.39,0.94,0.61,1.85,0.63,1.36,1.86,1.19,1.79,1.85,1.95,1.78,0.98,192
2.31,1.9,2.17,0.83,0.94,2.0,1.7,0.43,0.56,2.0,2.07,1.29,1.09,416
1.79,2.06,1.44,1.79,0.77,2.02,2.13,1.58,2.17,0.62,1.01,1.83,2.29,595
2.31,1.06,0.53,1.92,1.71,2.2,0.74,1.2,1.66,2.08,2.24,1.57,1.83,840
1.65,1.95,1.63,2.15,1.19,1.02,2.2,0.73,0.73,1.5,1.08,0.68,0.93,387
1.86,1.82,1.11,2.07,1.6,0.99,1.24,1.35,0.76,1.26,1.86,1.59,2.29,468
0.62,1.91,1.38,1.62,0.61,1.28,0.96,1.67,2.16,0.83,1.78,1.6,1.33,13
1.57,1.77,1.01,2.0,1.53,1.31,1.98,2.24,1.11,1.22,2.03,0.7,2.37,881
2.15,2.01,1.42,1.88,2.24,0.87,0.57,1.92,1.52,1.29,1.57,1.97,2.18,469
1.99,2.0,1.18,0.6,1.55,0.77,1.28,1.61,1.33,0.72,0.57,1.87,0.65,521
0.43,1.26,2.25,0.66,2.1,1.05,1.97,1.72,1.39,1.93,0.61,1.62,1.76,65
0.46,1.14,1.2,2.03,0.42,0.85,0.88,1.97,1.74,1.52,0.83,1.38,1.99,872
0.85,1.59,1.49,2.27,1.57,1.87,1.5,1.32,1.2,1.37,1.04,0.6,1.44,24
2.39,1.12,0.97,1.62,1.58,1.44,1.55,2.23,1.35,0.89,1.48,1.77,1.92,500
0.98,0.62,1.61,2.38,1.84,0.58,2.39,0.72,1.13,0.77,1.26,2.25,2.31,2
0.67,1.75,2.34,1.07,2.13,0.86,1.06,2.18,2.0,1.29,0.43,1.25,1.88,6
0.62,0.53,1.57,0.5,2.13,2.35,1.78,2.13,1.67,2.38,2.35,1.03,2.21,757
2.26,0.77,0.55,1.15,0.87,1.78,0.44,0.41,1.56,1.23,1.6,1.87,2.23,869
0.68,1.27,0.75,1.13,2.23,0.83,1.49,1.99,1.84,2.2,1.19,0.57,0.63,28
1.95,1.24,1.44,0.77,1.11,1.57,2.08,2.34,1.0,2.39,0.86,0.88,2.12,636
0.46,0.48,2.38,2.0,1.31,1.83,0.4,0.75,1.3,2.35,2.39,0.98,1.48,300
0.4,1.14,1.75,0.98,0.89,2.05,0.6,0.64,0.83,0.64,0.77,1.9,0.99,773
2.4,2.37,1.73,0.95,2.03,1.41,1.32,2.19,2.32,0.77,1.3,2.17,0.44,319
2.21,1.43,2.0,0.95,1.72,0.94,1.83,2.19,0.56,1.68,1.79,1.86,1.27,273
0.88,1.76,0.83,1.17,1.57,1.15,0.92,2.19,1.43,0.49,2.1,1.24,2.29,15
2.19,0.4,1.94,0.74,0.5,1.32,2.17,1.95,0.42,2.32,2.22,1.78,2.04,331
1.52,2.16,2.33,2.11,0.94,1.21,2.11,2.26,1.0,1.27,1.4,0.96,2.34,122
1.1,1.57,1.19,1.7,2.06,1.65,1.73,2.02,0.94,0.65,1.13,0.87,1.97,590
1.53,1.34,1.98,0.7,1.71,2.09,1.09,1.82,0.48,1.65,2.08,2.3,0.87,301
0.44,0.42,1.94,0.63,1.32,0.44,0.5,2.23,2.12,2.37,2.34,1.03,1.63,815
1.6,1.9,2.06,1.59,2.38,1.42,1.91,1.43,1.98,1.72,1.45,1.45,1.55,290
0.8,1.93,2.03,0.54,0.56,1.12,1.59,1.83,2.33,0.98,2.15,2.13,2.18,13
1.52,0.41,1.18,1.91,2.19,0.5,0.7,1.03,1.01,0.92,2.23,2.29,1.28,404
0.63,1.95,0.66,1.08,2.38,1.37,1.37,1.65,2.14,2.15,2.26,1.76,1.59,261
0.52,2.14,0.6,2.08,1.0,2.19,0.45,1.3,2.13,1.24,1.36,1.29,0.57,21
0.45,1.29,1.32,0.61,0.71,0.96,0.43,0.48,1.53,1.79,0.67,1.41,1.96,831
1.12,1.19,1.1,1.54,2.01,2.02,2.32,1.73,2.02,1.69,1.5,1.11,1.02,26
0.79,1.79,1.5,1.55,1.17,1.6,1.1,2.27,1.07,2.0,1.48,1.57,1.55,127
2.18,0.52,0.85,1.67,1.67,1.13,1.3,0.52,1.85,0.93,0.95,1.7,2.19,750
0.98,0.83,2.27,1.47,2.04,0.81,1.53,1.9,0.62,2.04,2.27,1.28,2.21,32
0.69,1.04,1.94,1.81,1.0,1.51,1.65,0.71,1.89,1.91,1.18,1.26,0.83,150
2.32,1.42,1.44,1.15,0.8,1.88,2.29,2.02,1.93,1.2,1.7,1.13,1.78,181
1.38,1.74,1.32,2.29,1.49,2.23,0.43,1.1,1.89,1.12,0.49,2.22,2.22,747
0.91,1.57,2.29,2.39,2.05,1.02,1.35,0.73,0.72,1.69,2.05,1.13,0.81,327
1.7,0.97,1.97,1.76,1.58,1.74,1.59,1.67,1.87,0.8,1.51,2.02,0.66,599
0.4,0.55,1.89,2.14,1.45,1.26,1.05,2.27,1.24,0.8,1.94,0.73,2.25,874
2.0,0.94,0.78,1.41,1.58,0.99,1.62,2.03,2.06,1.07,2.24,1.51,0.68,306
1.05,0.99,2.1,1.37,0.41,2.03,0.47,1.31,2.22,1.83,1.45,2.09,0.97,482
0.92,1.04,0.91,0.72,1.68,2.16,1.52,1.44,1.43,0.66,2.0,1.93,1.98,76
0.67,1.57,0.82,1.16,1.92,2.31,1.59,2.25,1.32,0.51,1.14,1.9,1.17,653
0.94,0.42,1.14,2.12,1.5,1.27,1.73,1.08,0.78,1.39,1.73,1.53,0.64,309
2.21,1.1,1.99,0.64,0.64,1.26,2.1,1.67,1.98,1.0,2.13,2.07,0.49,570
1.24,1.7,0.88,1.95,2.38,1.13,2.21,2.36,1.87,2.02,0.53,2.29,2.18,7
1.31,2.21,2.05,2.39,1.59,2.24,2.23,1.4,1.56,1.14,0.57,1.78,1.28,626
0.41,1.04,0.47,1.42,0.66,0.55,1.53,0.88,1.88,2.31,0.68,0.69,0.9,781
2.05,0.71,1.32,0.69,0.82,2.29,1.7,1.87,0.89,1.8,1.99,1.08,0.51,301
2.18,1.75,2.08,1.45,0.71,2.25,0.8,2.22,0.57,1.8,1.68,2.32,2.08,361
1.05,1.95,1.57,1.72,0.56,0.88,1.41,0.52,0.92,1.67,1.86,1.14,2.26,825
1.42,1.02,0.85,1.12,1.07,0.44,2.15,1.18,1.47,2.29,1.03,1.02,0.76,751
1.54,1.13,0.48,1.9,1.56,1.33,0.52,0.75,1.71,0.79,2.23,0.74,1.6,810
1.09,1.48,1.77,0.42,1.15,0.44,1.97,0.56,1.24,1.22,1.81,1.57,0.43,284
1.52,2.17,0.7,1.24,1.43,1.63,0.71,2.08,2.26,1.09,0.94,1.09,1.28,19
2.39,1.22,1.22,1.89,1.62,0.5,1.93,2.15,2.04,1.51,0.99,1.76,1.02,306
1.84,1.89,1.38,0.55,2.1,1.21,2.07,1.87,0.86,0.64,0.62,1.65,2.2,590
0.44,0.59,2.35,0.76,1.76,0.92,1.55,2.01,1.17,2.05,2.06,0.51,1.55,816
1.54,0.59,1.97,0.67,1.27,1.42,1.4,0.82,1.12,2.04,0.84,0.45,1.17,150
1.08,0.96,2.01,1.41,1.88,2.32,0.59,1.38,2.37,1.3,1.28,1.35,1.8,240
1.82,1.84,2.32,1.07,1.6,1.48,2.07,2.32,0.48,2.33,0.54,1.17,1.01,214
1.6,2.1,2.34,0.53,0.53,1.97,1.69,0.92,1.31,1.61,0.88,1.78,1.12,769
2.09,1.89,0.64,1.83,0.77,1.07,2.38,2.01,1.37,1.84,1.18,0.74,0.66,305
1.3,1.44,1.35,1.54,2.17,1.06,1.29,2.04,0.56,1.18,1.15,1.89,1.62,558
2.3,0.41,2.36,1.62,0.9,2.34,0.67,0.67,2.12,2.31,0.98,2.22,1.98,897
0.55,1.96,0.97,1.24,1.83,1.67,0.67,1.06,2.0,2.01,0.94,1.85,1.87,202
0.95,2.28,1.71,1.76,1.29,2.02,0.97,1.24,2.3,1.23,1.03,0.47,1.09,20
0.45,1.1,1.19,1.96,0.63,2.14,0.68,0.74,2.09,1.44,1.41,0.87,0.53,21
0.73,0.41,1.19,0.5,1.57,1.02,1.83,2.16,0.73,1.89,0.88,0.85,1.35,758
0.44,1.4,1.03,1.09,1.11,1.29,1.16,1.18,1.89,0.44,1.79,0.81,1.51,78
0.59,2.05,1.81,2.23,1.24,1.42,1.86,1.85,0.85,1.03,1.27,1.72,1.68,654
1.97,1.81,2.29,2.37,1.08,1.02,1.15,1.86,0.96,2.01,2.23,0.67,0.93,394
1.4,1.08,1.32,1.67,1.6,0.99,1.98,1.97,0.42,1.66,1.25,0.44,0.78,398
0.92,1.16,1.46,2.12,1.8,1.74,1.47,1.68,1.5,1.86,2.15,1.54,1.53,189
2.01,1.94,0.88,1.39,1.05,0.98,1.19,1.39,1.63,1.7,1.06,2.37,1.97,553
1.07,2.15,0.99,0.62,1.76,1.09,2.3,1.5,1.38,2.26,1.22,0.95,0.51,28
2.24,1.14,1.57,0.48,0.62,1.05,1.64,1.68,2.04,1.44,0.53,0.53,1.87,661
2.18,2.18,1.94,1.43,0.72,1.91,1.52,0.47,2.06,1.2,0.68,1.9,1.26,597
0.98,0.59,0.63,1.25,0.64,0.86,1.35,1.28,1.85,0.81,1.37,1.04,2.34,871
1.71,1.56,1.38,0.66,1.09,2.29,1.31,0.99,1.26,2.24,2.12,0.99,1.19,393
1.71,1.08,1.19,0.49,1.6,2.28,1.49,1.79,0.59,1.12,1.97,2.04,0.61,301
1.83,1.04,0.93,2.22,1.28,0.6,2.13,1.37,1.93,1.12,0.95,0.55,1.35,337
1.0,2.07,0.53,0.92,0.71,1.4,1.71,2.26,1.85,1.7,0.91,2.39,1.67,10
0.92,1.49,1.96,1.49,1.34,0.4,2.16,2.27,0.82,1.89,1.93,2.08,0.8,156
2.13,1.51,0.44,1.5,1.56,1.24,1.27,1.24,0.67,1.13,2.02,1.77,0.84,445
2.31,1.7,0.94,2.14,2.35,2.39,1.74,1.67,1.6,1.86,1.36,1.43,1.0,84
1.53,0.9,1.1,0.91,2.07,1.28,1.7,0.44,2.31,0.43,0.75,2.07,1.27,660
1.24,2.29,1.35,1.8,0.58,1.66,1.49,1.47,1.37,0.93,0.62,0.45,0.52,676
0.77,1.88,1.03,1.26,1.79,0.58,0.87,0.77,1.25,0.86,0.67,0.69,0.77,674
0.64,1.29,0.92,1.39,1.32,2.23,1.15,2.39,1.88,2.18,0.97,0.5,0.96,26
1.2,2.39,1.34,1.48,2.09,1.56,2.02,0.73,1.39,2.17,1.61,1.01,2.28,294
1.68,2.12,1.75,0.5,1.69,0.59,0.62,0.92,0.47,1.45,2.17,2.36,1.02,346
1.51,1.76,0.65,2.11,1.46,1.62,0.57,0.68,0.9,2.11,2.01,2.01,2.02,884
2.18,1.7,0.7,2.23,0.5,1.81,2.08,1.85,1.8,2.29,0.66,2.26,2.39,571
0.96,0.84,1.43,2.11,0.45,1.48,1.04,2.0,1.77,0.62,2.08,1.33,0.41,164
1.58,2.34,0.49,0.8,1.85,1.0,1.84,1.58,1.7,2.28,2.16,1.43,2.03,261
1.2,1.77,1.24,0.93,0.56,0.51,1.65,1.26,1.96,2.16,2.14,2.33,1.78,222
1.34,2.11,1.64,1.47,2.24,1.45,1.34,0.42,2.17,0.46,1.18,1.64,0.94,198
0.43,0.71,1.52,0.92,0.71,0.55,2.16,0.95,1.24,0.84,1.2,0.72,1.4,811
0.82,1.63,1.44,1.61,0.55,1.21,0.87,0.53,1.13,0.67,2.08,1.36,2.16,825
0.66,0.59,1.89,2.26,0.43,2.21,1.73,0.48,1.59,1.42,2.38,2.21,0.83,390
0.72,2.31,2.39,0.46,0.88,0.85,1.12,0.51,1.19,0.74,1.15,0.57,1.49,768
0.59,1.38,2.07,1.21,2.1,0.67,2.19,1.65,1.27,2.31,1.27,1.39,2.35,34
0.85,1.41,2.25,0.92,1.45,1.22,1.72,1.37,0.48,0.69,0.67,2.09,1.89,741
2.01,0.8,2.11,1.99,1.88,1.26,1.1,1.03,1.18,2.03,1.85,0.59,1.75,267
2.37,1.18,0.64,1.98,1.35,0.81,1.39,1.21,2.15,1.41,0.41,2.26,2.33,720
1.26,1.04,0.93,1.39,1.59,1.13,1.61,2.01,0.64,1.23,0.6,1.48,0.61,369
2.4,0.98,1.4,1.93,0.79,0.85,0.87,1.69,1.42,2.01,1.96,1.67,2.15,572
0.84,1.17,2.12,2.25,0.9,1.22,1.65,0.83,1.11,2.24,2.02,2.16,0.45,358
0.56,1.95,0.73,0.75,1.56,0.48,0.55,2.12,1.71,1.4,1.08,1.88,0.64,9
0.59,2.32,1.71,1.48,1.82,1.66,0.58,0.62,0.51,1.74,0.54,1.25,1.3,833
0.57,0.54,2.19,1.63,1.88,2.21,2.35,1.02,1.39,1.53,2.33,1.92,1.15,330
1.59,1.1,0.97,1.69,0.98,1.68,0.57,0.79,0.69,0.92,1.47,0.76,1.45,456
0.42,1.2,1.27,1.72,0.65,2.33,1.21,2.2,1.82,0.8,1.3,1.37,1.25,102
2.13,1.45,1.61,2.08,1.38,0.73,0.43,0.51,1.26,1.45,0.82,2.22,1.45,495
2.39,1.59,0.89,0.66,1.54,0.59,0.56,2.04,0.72,1.05,1.33,1.56,0.46,491
1.47,2.14,0.97,1.25,0.42,1.8,1.19,0.46,1.27,1.6,1.6,2.11,1.14,506
2.13,2.12,1.61,1.79,0.61,1.0,0.79,2.29,1.65,1.86,0.77,1.77,1.29,585
2.22,2.07,1.19,1.65,1.94,0.46,2.3,0.86,0.83,1.86,1.24,1.38,0.53,385
1.63,2.21,1.37,0.43,0.73,1.13,2.35,1.84,2.12,1.92,1.11,0.58,1.79,661
0.73,1.26,0.56,0.62,0.88,2.17,0.71,0.84,1.76,0.82,2.23,2.24,0.97,105
2.35,1.05,1.89,2.14,1.65,1.23,1.15,0.48,1.68,0.74,2.36,0.55,0.65,237
0.61,1.04,1.03,2.21,2.11,2.27,1.41,2.34,1.13,1.49,0.65,0.87,0.95,25
0.53,2.21,1.55,1.44,0.69,1.56,1.97,2.32,0.51,0.8,1.85,1.88,0.78,654
1.31,0.55,0.61,0.73,0.58,0.81,0.54,1.87,2.08,1.85,0.75,1.03,0.98,783
0.95,2.22,1.36,2.15,1.97,1.61,0.88,1.36,0.63,1.52,1.24,1.97,2.09,805
2.05,0.63,1.68,1.43,0.72,2.17,1.47,1.65,1.62,2.02,2.28,0.54,1.3,424
1.74,1.8,2.36,2.24,1.8,2.11,2.28,0.4,0.42,1.15,1.95,1.36,0.98,357
1.34,2.26,1.03,0.42,0.78,1.43,0.71,2.19,1.96,0.89,1.53,1.45,1.39,13
1.15,1.96,2.35,1.55,1.89,1.47,1.16,2.19,1.4,0.92,1.32,0.67,0.86,647
1.4,0.41,1.88,2.13,1.91,1.72,0.61,1.74,1.13,1.23,1.3,1.37,2.0,808
0.67,2.19,1.07,0.51,1.16,1.04,0.66,1.29,1.16,1.99,0.58,2.2,0.45,9
0.5,0.74,1.66,1.77,1.23,2.03,0.65,2.17,2.15,0.62,1.95,1.68,0.6,165
1.46,1.61,2.39,0.8,2.03,2.07,1.61,1.55,1.02,0.67,1.5,1.87,1.01,680
0.78,1.27,2.31,0.87,1.22,0.68,2.26,1.83,1.63,0.99,1.74,1.4,1.88,876
1.59,0.49,0.88,0.63,0.71,1.59,1.16,1.93,0.85,2.07,0.84,0.45,1.73,669
1.59,0.45,0.75,0.66,1.93,2.29,2.01,0.57,1.92,2.3,0.54,1.74,1.21,145
0.74,1.22,0.67,2.22,1.55,1.93,2.26,1.01,0.77,0.7,1.23,2.33,0.93,684
1.98,1.16,1.08,0.64,0.98,0.84,1.2,2.26,1.03,1.67,0.76,1.69,1.51,551
0.87,1.37,1.56,1.27,1.54,1.93,1.31,1.45,1.62,1.04,1.21,1.89,0.85,713
1.96,0.5,1.31,1.49,0.47,1.36,1.06,0.97,1.94,1.63,1.19,2.18,1.1,511
0.9,1.86,1.21,1.2,1.49,0.45,1.88,0.46,1.42,1.05,0.41,1.03,1.79,733
2.21,1.82,2.37,1.28,0.97,1.05,0.49,1.35,2.12,1.83,1.15,0.97,1.01,453
2.32,0.83,0.85,0.65,1.79,2.12,2.25,0.79,1.24,1.59,0.74,1.41,2.2,637
1.27,0.76,1.26,1.16,1.65,0.41,1.17,1.03,1.08,2.03,2.34,2.27,1.3,283
0.56,0.77,1.34,2.25,1.36,0.47,1.16,2.4,1.47,0.62,0.89,0.64,1.73,873
1.63,2.15,0.94,1.55,0.42,1.1,1.9,2.11,2.26,1.91,2.15,0.47,1.94,880
1.07,1.61,2.06,0.75,1.53,1.86,1.44,1.72,0.79,0.91,1.09,0.72,1.44,678
1.96,1.59,0.95,0.88,0.42,0.55,2.14,1.18,2.02,1.99,0.65,0.55,0.98,691
1.1,2.21,1.02,1.06,1.65,0.46,2.11,1.2,1.39,0.47,1.82,1.32,1.81,792
2.11,0.44,0.89,0.88,0.53,1.46,1.26,1.96,1.58,1.73,1.61,1.71,2.25,541
2.15,1.61,1.95,1.87,1.29,1.77,1.87,1.96,1.14,2.32,0.58,2.29,1.16,184
1.49,1.57,2.29,2.36,1.07,0.85,0.66,0.58,1.48,0.55,2.11,1.11,2.26,796
1.43,2.28,2.07,0.84,0.78,2.19,0.65,0.61,2.13,0.84,1.23,0.82,1.45,737
2.11,0.58,2.35,1.46,0.46,1.67,0.78,0.97,1.72,1.45,0.89,1.71,2.28,897
1.56,0.9,0.96,1.5,1.49,1.43,1.3,1.78,1.16,0.58,1.08,1.49,0.9,519
2.08,0.52,1.31,2.11,0.5,2.34,0.5,1.67,2.14,1.6,1.42,1.11,1.44,514
0.84,1.52,1.18,1.3,1.7,0.65,0.51,0.91,2.1,1.68,1.63,1.58,1.7,257
1.22,0.6,1.95,1.91,1.82,1.61,1.62,1.29,0.42,0.79,2.23,0.57,2.37,61
2.02,0.98,1.85,0.4,1.2,1.66,2.1,1.39,1.38,1.55,0.82,1.14,1.65,636
1.23,1.13,1.76,0.71,0.48,1.45,2.01,2.1,1.83,1.35,0.69,1.68,0.62,182
1.19,1.92,1.39,1.82,0.81,1.75,1.85,1.82,1.43,0.99,1.47,1.4,1.87,594
2.38,0.43,1.24,1.73,0.51,1.05,1.55,1.37,2.34,2.16,0.68,0.81,2.25,601
1.76,2.24,1.44,0.56,1.86,0.71,0.61,1.46,1.72,1.24,1.79,0.62,0.72,287
2.09,1.18,1.75,1.77,1.99,1.65,0.77,1.49,0.56,1.29,0.47,1.14,2.13,558
0.84,2.19,1.38,0.9,1.99,1.96,1.36,0.87,1.03,1.81,1.88,0.59,1.95,294
1.98,1.16,1.32,1.03,2.22,2.04,0.4,0.46,1.34,1.55,2.35,1.9,1.15,352
0.45,1.85,2.13,2.24,0.4,1.0,1.26,0.47,1.62,1.87,2.23,1.34,1.88,826
0.64,0.66,2.26,0.95,0.96,0.67,0.97,1.36,2.08,0.68,1.59,1.41,0.63,225
1.5,0.98,2.16,2.28,2.24,0.94,0.77,0.78,1.98,2.11,0.86,0.43,0.55,119
1.06,0.86,1.96,2.28,2.33,0.48,1.69,1.15,1.39,0.8,1.23,0.98,1.97,1
0.7,1.42,1.38,1.57,2.22,2.32,2.04,1.53,1.84,0.41,0.67,2.37,1.21,683
2.22,0.69,1.43,2.08,1.98,1.66,1.94,1.85,0.43,0.56,2.31,1.3,1.61,61
0.46,1.81,1.28,1.84,0.57,1.31,1.55,0.86,0.78,1.16,0.45,2.21,1.17,715
1.69,1.53,2.06,0.73,2.33,0.95,0.79,2.32,1.78,1.17,0.72,1.8,0.47,491
2.39,1.35,2.24,1.73,1.62,0.44,0.79,1.11,1.12,1.57,0.69,1.16,0.68,493
1.41,0.45,2.31,1.3,2.03,0.71,2.2,1.94,1.26,0.91,2.17,2.39,2.21,1
2.37,2.18,0.53,0.89,2.21,1.46,1.32,0.67,0.72,0.63,1.91,1.0,1.43,473
2.27,0.62,1.26,1.7,0.44,2.33,1.04,2.06,1.9,1.8,1.02,2.14,0.41,481
0.94,1.34,0.69,1.56,1.23,1.78,2.03,1.09,2.32,0.78,1.48,2.22,1.78,688
0.73,1.87,1.74,0.62,2.12,1.85,2.09,0.67,1.66,1.38,0.6,0.96,0.98,30
1.02,2.09,1.29,1.2,2.3,1.3,1.51,1.52,0.43,0.61,1.18,1.55,1.71,590
1.25,0.48,1.16,0.91,0.97,1.79,1.42,1.61,1.81,1.91,1.54,1.17,0.6,193
1.17,0.43,0.49,1.86,2.2,1.81,1.5,0.77,1.93,0.82,1.14,0.96,2.25,780
1.37,0.57,1.55,1.31,0.47,1.49,0.53,1.0,1.2,2.16,1.39,1.33,0.75,454
2.1,1.89,0.76,1.01,1.83,2.1,1.31,0.48,0.7,2.02,1.42,2.23,1.54,383
1.79,0.95,0.42,1.12,0.75,2.39,2.3,1.07,0.76,2.33,0.64,0.96,2.08,668
1.24,0.85,0.81,0.58,0.61,1.39,1.4,0.93,0.51,1.41,1.98,0.59,2.26,639
1.33,1.77,2.14,2.34,1.29,2.11,2.19,2.33,0.59,2.06,0.57,0.83,1.87,154
0.96,1.12,1.05,2.16,0.78,0.46,1.86,1.41,1.1,0.81,1.8,0.62,0.49,367
2.19,0.46,1.83,1.08,0.69,2.08,0.96,1.12,0.47,1.56,1.71,1.27,2.26,898
1.39,1.12,1.03,1.36,1.17,0.77,0.61,2.11,0.64,0.42,1.9,0.94,0.52,458
1.2,2.37,0.48,0.41,1.62,1.3,0.79,1.87,1.87,1.08,2.05,1.26,2.18,15
1.53,0.66,0.76,0.81,1.99,1.32,2.14,0.77,1.28,1.89,2.19,1.43,0.48,281
1.97,0.91,2.13,0.73,2.17,1.96,2.28,1.21,0.76,1.29,1.41,1.78,1.0,271
1.77,1.24,1.31,0.92,0.45,1.58,0.45,0.54,0.75,2.24,1.66,1.81,2.23,897
0.91,1.32,2.24,0.62,1.78,2.07,0.56,2.39,0.88,1.55,1.24,1.34,2.16,893
2.38,0.61,1.42,1.99,0.52,1.39,0.51,1.52,1.99,0.68,0.43,1.1,1.96,545
2.26,0.53,1.91,0.77,0.79,1.97,0.51,1.7,0.53,0.58,1.98,2.21,2.19,899
0.57,0.8,1.37,1.59,1.93,1.35,2.04,1.35,2.22,1.85,2.06,1.68,0.69,220
0.84,0.8,1.31,1.38,1.6,1.19,2.18,1.28,2.22,2.12,2.3,1.58,1.97,221
1.14,1.43,0.68,2.14,2.19,1.06,1.57,1.59,0.92,1.48,1.01,1.69,0.6,339
1.87,1.42,0.61,1.08,1.94,1.26,2.13,1.27,0.73,1.21,2.12,1.96,0.83,415
1.81,1.69,0.49,1.41,1.03,1.03,1.67,1.47,1.2,0.7,1.04,2.0,1.5,564
2.22,1.11,0.77,1.44,0.85,2.24,1.95,1.82,1.63,0.78,1.67,1.75,2.34,564
1.13,0.54,0.64,0.41,1.07,2.35,2.26,1.56,2.15,1.53,1.73,0.73,2.26,667
0.74,0.73,0.58,0.57,2.19,1.34,1.78,1.73,1.29,1.68,2.2,1.55,1.49,757
0.88,1.23,2.15,1.67,1.13,1.47,2.08,0.99,1.51,0.43,2.29,2.17,1.71,450
1.16,1.22,2.2,0.72,1.99,1.04,2.39,1.09,2.09,1.73,0.92,2.0,2.17,5
1.19,1.83,1.3,1.43,2.11,1.31,1.69,2.0,2.13,1.62,1.79,2.12,1.62,260
1.16,0.99,2.12,0.73,0.87,2.33,2.0,1.42,2.28,1.88,2.28,1.29,0.9,240
1.53,1.78,0.5,0.46,1.1,0.44,1.22,1.84,1.4,0.93,0.88,2.21,2.0,9
1.83,1.61,1.29,2.21,1.06,2.18,1.45,2.19,1.76,1.56,0.76,1.55,1.0,25
0.66,1.69,2.23,1.23,1.18,1.54,1.9,1.63,1.23,1.73,1.73,1.53,1.75,94
0.95,1.87,1.56,0.82,1.83,2.35,1.33,1.36,1.35,0.66,2.18,2.17,1.1,76
1.44,2.39,1.86,1.03,0.46,1.89,2.08,1.67,1.22,2.26,2.28,1.31,0.6,363
2.26,0.73,0.49,1.95,2.21,0.76,1.76,0.48,2.17,2.36,2.01,0.61,0.63,176
1.38,0.81,2.33,1.46,0.95,1.67,1.57,0.47,1.39,1.63,1.81,1.64,0.99,360
0.61,1.08,0.44,1.97,0.78,2.21,1.06,1.12,1.56,1.24,0.61,1.85,2.05,717
1.54,1.85,0.93,1.78,2.07,2.35,0.98,1.02,2.24,2.08,1.54,0.67,0.65,113
0.95,2.28,1.72,1.99,1.89,1.46,1.48,1.0,1.43,0.53,1.65,1.46,0.88,168
0.9,1.81,0.95,2.09,1.08,0.93,1.03,2.31,1.18,2.21,1.99,2.3,2.11,128
1.22,0.4,2.38,2.28,0.82,0.85,1.37,1.88,1.04,1.66,1.42,0.56,0.44,366
0.65,1.56,1.44,0.88,2.01,2.17,2.34,1.15,1.33,0.52,2.29,2.05,2.0,76
1.12,1.99,0.82,1.28,0.94,0.41,2.13,2.09,0.41,0.73,1.02,1.7,1.54,791
1.86,2.09,1.14,2.12,1.24,1.38,0.53,1.45,0.99,0.73,2.03,2.0,1.56,438
0.77,0.65,1.8,1.9,0.53,0.72,1.42,0.53,2.09,2.07,0.84,0.98,1.78,811
0.71,0.97,0.74,0.59,2.0,1.57,0.88,1.91,1.8,1.85,1.29,0.78,2.0,756
1.7,0.82,1.7,2.11,1.15,0.62,1.64,1.18,1.73,1.95,1.26,1.19,1.71,601
2.24,1.64,1.35,1.35,0.46,1.0,1.51,2.09,1.05,1.64,1.42,1.12,0.57,334
0.95,1.49,2.26,1.18,0.49,1.35,2.34,1.27,0.9,1.32,0.94,1.55,1.81,770
0.99,2.01,0.71,2.31,0.86,1.69,1.54,0.96,0.4,1.77,1.7,1.76,2.35,853
2.19,1.74,2.07,0.58,1.29,2.2,1.84,2.17,0.94,1.22,2.05,0.92,0.68,302
1.19,0.82,0.4,1.08,2.18,0.46,0.47,1.24,2.29,1.23,0.52,0.43,0.87,754
1.92,0.77,1.88,2.21,2.04,0.51,1.32,1.04,2.05,1.08,1.54,0.75,0.58,207
1.98,0.5,0.91,1.55,1.27,1.3,0.53,2.02,1.3,0.67,1.99,1.43,1.32,487
2.31,0.53,0.79,1.26,1.54,0.77,1.94,2.24,1.81,2.11,1.92,1.23,0.5,306
0.72,1.32,1.76,1.57,1.76,1.79,2.36,1.93,0.97,1.94,2.16,1.62,0.76,217
2.19,1.09,0.9,1.88,2.37,1.04,0.6,0.82,1.68,0.9,0.57,1.82,2.2,780
1.47,1.21,1.95,1.24,2.24,0.57,1.6,1.02,1.26,2.04,0.58,2.23,2.36,4
1.43,1.37,1.99,2.01,2.23,0.72,1.85,0.65,1.41,1.62,1.72,2.04,0.86,326
0.73,1.87,0.62,0.71,0.59,1.9,0.94,1.34,1.52,0.61,0.49,1.9,0.96,11
0.45,0.46,1.73,1.3,2.03,0.75,0.67,2.03,1.83,1.36,0.99,1.45,1.95,844
0.55,1.18,0.68,1.91,2.24,1.58,0.95,1.27,2.12,0.55,1.49,0.62,1.42,109
1.01,2.24,1.44,0.64,1.08,0.74,1.11,1.5,0.76,1.48,0.4,0.51,0.53,674
1.89,1.29,2.1,1.08,2.39,0.7,1.05,1.72,0.51,0.43,1.71,2.0,1.92,405
1.06,1.06,0.94,0.66,0.94,2.39,1.11,2.03,1.79,1.4,0.55,1.8,1.19,42
2.36,1.28,1.92,1.59,1.25,0.82,0.96,1.91,1.87,1.34,1.13,1.78,0.68,493
1.71,2.07,1.91,1.43,0.63,1.16,1.36,2.02,1.83,0.74,0.87,2.15,1.47,595
1.65,1.22,2.31,0.6,1.79,1.91,0.51,1.46,0.97,0.49,1.82,1.19,2.02,649
1.84,1.48,0.5,1.23,1.28,1.51,0.49,1.01,1.57,1.86,0.97,1.85,0.92,582
1.65,0.72,2.22,1.6,0.62,2.13,2.38,0.81,0.62,0.58,1.49,1.83,1.64,420
0.5,2.24,1.55,2.13,2.13,1.53,2.03,1.8,1.58,1.06,2.07,0.95,1.63,170
1.38,1.61,1.43,2.03,0.48,0.55,0.63,0.72,0.65,1.34,0.57,1.55,1.43,525
2.06,1.22,0.59,1.29,1.02,1.04,1.23,1.51,1.26,1.35,0.63,0.99,2.34,610
1.28,0.85,1.32,0.46,2.01,2.25,0.71,1.61,1.79,1.24,2.31,1.87,1.41,75
2.06,1.82,1.18,1.66,1.41,1.13,1.47,1.76,0.51,1.7,1.61,1.33,2.24,499
0.49,1.97,1.8,0.51,1.52,2.28,0.45,1.92,1.68,1.77,2.22,0.83,2.3,892
0.79,0.48,1.83,1.58,1.97,0.69,1.7,0.94,1.1,1.15,1.25,1.73,0.76,342
1.88,0.96,1.88,1.79,2.28,0.87,1.53,0.77,0.53,0.55,1.89,1.33,0.84,403
1.64,0.97,2.31,1.47,0.74,2.17,2.01,2.27,1.92,1.67,1.23,0.73,0.68,182
1.87,0.42,1.83,1.65,2.03,0.62,1.89,0.78,2.24,0.7,1.26,1.59,2.33,720
1.22,1.38,1.99,0.87,2.02,0.41,1.76,1.61,1.77,0.67,1.22,0.44,1.27,30
0.53,1.64,0.4,0.72,1.51,1.36,1.12,2.14,0.75,2.17,1.31,1.82,0.98,39
2.37,0.7,1.0,1.3,0.96,1.37,1.54,0.66,2.14,0.5,2.01,2.07,0.63,539
1.98,2.22,0.83,1.83,0.56,1.7,2.26,1.38,1.17,0.56,1.71,2.2,2.16,564
1.76,1.61,1.63,0.69,0.44,0.45,0.45,2.13,2.31,2.29,1.51,1.68,0.56,451
0.6,0.93,1.64,0.74,1.39,2.14,1.1,1.28,1.24,1.4,1.41,2.14,0.89,105
0.47,2.27,1.96,2.2,0.46,0.62,1.22,0.49,0.86,0.51,0.51,0.66,2.03,765
0.88,1.88,2.39,1.71,1.02,2.21,1.85,0.66,1.27,2.2,2.33,1.57,1.83,330
0.63,0.46,1.18,2.23,1.5,2.11,1.16,0.67,1.41,2.34,0.75,1.39,1.55,807
0.86,2.4,0.71,1.08,1.97,0.81,2.29,1.33,0.48,1.86,1.79,1.97,1.89,791
1.74,2.19,0.99,1.11,0.76,1.8,0.48,0.49,1.23,1.78,2.37,1.53,1.62,885
1.75,1.21,2.18,2.07,0.66,1.38,1.81,1.38,0.94,0.83,1.91,2.06,0.57,450
2.09,0.71,1.32,0.55,1.15,0.42,0.61,0.53,2.21,0.89,0.47,1.73,1.11,753
1.64,2.15,2.4,2.15,1.89,1.94,1.12,1.32,0.88,1.49,2.03,2.25,1.94,409
2.37,1.67,1.7,1.05,1.35,1.28,0.53,0.46,1.12,0.61,2.31,1.96,1.42,406
1.12,2.03,0.59,2.14,1.04,1.91,2.06,0.98,1.05,1.25,1.88,0.99,0.94,882
0.93,0.91,0.57,1.28,2.32,1.88,1.04,1.06,1.47,1.74,2.34,1.95,1.31,250
1.16,1.15,1.82,1.79,2.05,2.17,0.96,0.94,0.63,1.62,1.41,1.9,0.59,297
1.59,0.48,0.96,1.7,2.01,0.62,0.92,1.08,0.67,1.71,1.42,0.45,2.12,610
0.61,1.53,1.38,0.82,1.57,1.26,2.19,1.16,0.93,1.71,1.79,0.8,1.11,789
0.83,1.61,2.11,1.2,0.55,0.49,0.89,0.9,0.78,2.17,2.07,1.94,1.26,858
1.45,1.32,0.83,1.14,1.71,1.1,0.92,1.38,0.43,0.94,0.73,0.99,0.75,430
0.47,1.77,1.06,1.0,1.47,1.94,0.51,0.61,0.75,1.85,0.99,1.16,1.75,832
2.15,2.18,0.59,0.8,0.71,2.37,1.81,1.27,1.13,1.21,2.38,1.2,0.5,475
2.0,2.4,1.92,1.69,1.42,1.4,1.11,2.08,2.24,0.87,1.55,1.79,1.84,409
0.75,0.68,1.95,0.61,1.22,0.64,1.87,1.4,1.78,1.74,1.5,0.77,2.01,846
1.7,1.5,2.11,2.19,1.49,1.17,2.39,1.45,0.68,0.53,2.34,1.48,2.19,61
1.5,1.09,1.02,1.38,0.72,0.47,1.6,0.42,1.58,0.67,1.91,0.94,0.68,508
1.69,0.65,1.61,2.17,2.26,0.78,1.84,1.86,1.06,1.65,0.9,2.32,2.22,3
2.16,1.89,2.26,1.55,2.08,0.67,1.31,1.07,0.42,1.84,1.85,1.36,0.93,356
0.56,1.82,2.0,2.25,0.79,1.48,1.76,0.49,1.21,1.46,1.28,0.81,2.3,795
2.21,2.11,1.63,1.8,1.3,2.16,1.06,1.3,0.45,1.3,1.15,0.71,1.04,617
1.52,1.89,1.91,1.56,1.9,0.8,0.42,2.31,1.21,1.84,0.45,1.42,0.9,615
1.56,0.73,0.81,1.24,1.75,2.34,1.5,0.68,0.64,0.49,1.11,1.97,0.66,713
1.63,1.77,0.61,1.98,1.71,1.13,1.56,1.51,2.37,1.48,1.15,2.4,0.61,277
2.33,0.49,1.01,2.31,1.53,0.75,1.31,1.14,2.28,0.73,1.86,2.1,0.53,540
2.17,1.13,0.76,1.95,0.53,2.36,1.5,2.29,0.46,2.34,2.22,1.44,1.3,361
1.39,1.6,1.78,1.17,2.27,0.83,1.03,2.19,0.55,0.67,1.39,1.12,2.27,589
1.17,0.54,1.84,0.99,1.14,2.13,1.54,0.94,1.99,0.53,1.01,1.26,0.83,210
0.63,1.75,1.72,0.69,0.6,1.8,2.27,1.81,0.9,1.23,1.46,1.12,1.99,740
1.47,0.49,1.86,1.81,2.27,0.83,1.76,0.54,0.43,1.65,1.97,2.39,2.21,2
0.6,0.69,2.32,1.95,0.74,1.5,2.02,0.89,0.67,0.89,2.33,0.83,1.66,390
1.9,0.85,0.76,0.65,0.6,1.59,0.91,2.02,1.07,1.03,0.42,0.89,1.82,577
0.57,1.38,2.31,2.05,0.57,0.56,1.23,1.17,2.1,1.86,1.81,1.93,1.6,827
1.74,1.39,1.36,2.33,0.78,1.86,0.63,2.02,1.67,1.99,1.1,1.31,0.59,483
0.75,1.8,2.02,1.64,1.19,0.79,0.46,1.33,1.0,1.29,0.77,1.15,1.94,705
0.65,1.76,1.15,2.27,2.04,1.51,0.41,1.24,1.16,1.59,1.36,0.54,1.59,81
1.24,0.75,2.05,0.67,0.88,2.27,1.14,0.74,0.84,1.59,1.57,0.54,1.14,240
1.1,1.63,0.9,1.05,0.75,0.52,2.21,2.37,1.0,1.12,1.08,0.74,0.94,820
0.95,0.86,2.05,1.97,0.97,2.2,1.97,1.55,0.66,2.07,2.04,1.17,0.77,329
1.05,0.86,0.63,1.27,0.54,0.74,0.99,0.43,2.14,1.41,0.65,1.68,1.42,781
1.28,1.07,2.36,1.47,1.55,2.35,1.27,0.79,2.22,2.13,1.84,1.3,1.06,270
0.86,1.56,2.16,2.39,1.47,2.1,0.97,1.09,0.76,1.49,1.67,1.84,1.6,806
1.45,2.26,0.53,2.34,2.0,1.93,0.5,0.88,1.95,1.07,1.49,1.68,0.9,52
2.12,0.72,1.94,2.32,0.87,1.19,2.4,0.81,1.94,1.89,1.71,2.3,0.56,510
1.39,1.5,0.66,2.05,0.92,1.05,2.38,2.07,0.9,1.4,1.08,2.29,1.61,594
1.92,0.72,1.26,1.35,1.89,0.93,1.56,1.29,0.66,1.5,1.12,2.07,0.57,371
1.02,1.93,2.01,0.92,1.66,0.96,1.82,1.36,1.73,0.96,2.05,1.68,0.69,227
1.93,0.99,0.84,1.99,1.11,1.11,0.97,1.88,0.9,1.12,1.02,0.77,1.19,427
0.79,2.12,1.28,2.16,0.54,0.54,1.32,1.48,2.32,0.98,0.88,0.81,2.25,735
2.17,1.59,1.47,0.88,1.9,0.61,1.48,1.06,1.74,1.69,1.26,0.45,2.1,664
1.41,0.85,1.71,2.21,0.93,1.5,1.77,2.37,2.09,1.31,0.52,1.95,0.84,628
2.05,0.78,2.04,2.11,1.97,0.62,0.99,0.91,0.82,0.43,0.59,2.16,0.88,464
1.75,2.06,1.77,1.52,0.56,2.32,2.36,0.43,2.02,1.01,0.78,2.37,0.81,597
2.0,0.69,1.24,0.91,1.19,1.78,2.34,1.87,1.58,2.19,1.89,2.39,2.03,211
2.3,1.75,1.61,0.95,1.18,1.02,1.62,1.56,0.95,1.84,2.13,1.72,0.68,303
1.2,2.38,1.28,1.88,1.45,1.35,1.39,1.49,1.22,1.29,2.3,2.11,2.17,439
1.69,1.63,1.26,1.71,0.79,1.2,1.5,0.6,2.16,2.2,0.53,0.87,2.27,631
1.26,1.32,0.76,0.55,1.09,1.07,0.89,1.99,1.54,0.89,0.55,2.21,0.89,10
1.88,2.27,0.58,1.94,0.42,2.14,1.01,1.21,1.11,2.22,1.19,0.51,1.96,883
2.35,1.75,0.68,0.49,0.95,0.99,1.12,2.29,0.85,2.35,1.95,2.21,1.23,361
1.48,0.97,0.99,2.26,0.76,0.82,1.74,2.02,1.79,1.16,1.87,0.95,1.94,879
0.79,1.66,1.6,0.57,2.24,1.52,1.79,1.78,1.92,1.9,0.54,1.54,0.72,28
0.79,1.57,0.72,0.88,1.39,2.24,2.16,0.75,1.04,2.36,1.58,1.42,0.47,264
1.24,0.74,1.24,1.65,1.02,1.71,2.22,2.18,1.8,1.41,2.1,2.21,1.66,161
2.38,1.27,2.15,0.6,1.85,2.27,2.02,2.29,0.69,0.49,1.31,1.13,2.36,650
0.8,1.39,1.2,1.73,0.56,1.91,1.76,0.93,1.67,0.46,1.32,2.05,0.7,627
2.3,1.57,2.13,1.77,1.95,2.4,1.22,1.49,1.5,1.25,2.27,2.15,1.31,380
2.25,0.93,0.69,2.2,2.1,2.39,1.41,0.63,1.32,1.18,2.15,1.09,2.3,840
0.51,0.99,2.07,0.97,2.2,1.36,1.67,1.18,0.75,2.33,1.84,2.39,0.42,282
1.79,0.6,1.24,0.72,1.3,1.37,2.19,0.63,1.65,0.47,1.01,1.58,2.18,660
0.76,1.06,2.0,1.94,2.02,1.45,0.61,1.84,1.01,2.01,0.59,0.45,0.5,88
0.65,2.01,1.55,1.0,1.45,0.47,1.67,2.2,1.64,1.79,0.91,1.84,1.73,37
1.04,1.13,1.94,0.59,2.36,1.17,0.6,0.93,1.43,0.47,1.03,0.79,1.16,90
0.9,0.97,2.19,2.26,0.84,1.74,2.1,0.49,0.53,0.59,1.58,2.23,1.21,420
0.71,1.83,2.33,1.24,2.13,1.64,0.83,1.67,1.16,1.79,1.37,1.5,1.81,893
0.99,1.46,1.36,0.59,1.59,2.29,2.35,1.05,1.67,0.45,1.22,1.39,1.95,711
1.8,2.01,1.53,1.05,0.45,0.41,1.14,0.43,1.65,0.81,0.78,1.63,0.76,507
0.85,1.6,1.76,1.51,0.75,1.38,0.71,0.77,0.43,1.45,1.24,1.0,1.86,831
0.96,1.11,0.8,0.42,2.03,1.22,1.46,1.12,0.61,0.54,1.56,1.17,0.86,401
0.61,0.91,1.36,0.59,0.61,1.0,1.53,1.31,2.29,1.81,2.21,1.46,0.62,224
2.05,0.52,0.5,0.8,2.16,2.35,0.96,1.11,1.21,1.49,0.92,1.11,0.73,116
1.51,2.08,1.58,1.24,1.25,0.47,2.31,2.01,1.18,1.03,1.64,1.85,1.61,821
1.56,2.26,0.83,2.08,2.29,2.39,1.03,1.32,1.43,1.63,1.29,1.95,1.77,441
2.39,2.33,0.85,0.41,1.94,1.94,1.77,1.67,1.08,1.94,0.41,2.4,1.63,413
1.13,2.08,1.18,2.11,1.99,0.72,2.21,1.27,1.59,0.5,1.4,1.97,2.31,562
1.04,1.47,1.04,1.5,1.42,1.13,1.48,1.16,1.15,1.31,0.4,0.44,1.9,702
2.25,2.25,1.09,0.94,2.05,0.82,1.43,1.68,2.23,2.11,1.75,1.22,1.06,289
1.13,1.38,0.89,1.77,1.28,0.7,1.95,2.0,2.19,1.8,1.98,0.87,1.17,879
0.55,0.63,0.72,0.5,2.05,1.7,2.21,0.9,0.47,1.23,2.22,1.89,1.38,281
2.3,1.66,0.93,2.04,0.5,1.96,0.78,1.77,2.12,1.92,2.25,1.5,2.2,542
0.48,0.82,1.37,1.16,0.96,1.75,1.97,2.14,1.8,0.85,1.96,1.32,1.9,132
0.6,1.53,0.72,1.47,1.17,1.98,0.95,2.34,1.91,0.92,1.55,2.26,1.26,72
1.68,1.98,2.32,1.28,1.62,2.35,1.99,2.2,0.75,1.1,1.56,0.72,1.52,649
2.24,2.31,0.96,1.96,1.75,1.31,2.32,1.3,1.16,0.92,1.82,1.04,1.74,532
2.19,1.09,1.19,1.8,2.34,0.52,0.71,2.19,1.0,0.83,1.33,0.94,0.47,459
1.94,1.43,1.64,0.68,1.26,2.18,2.04,1.94,1.61,1.54,1.65,2.17,0.48,241
2.19,0.54,0.49,1.0,0.6,1.93,0.83,2.18,2.23,2.17,1.14,1.71,1.19,511
2.12,0.81,2.15,2.3,0.85,1.12,0.73,1.98,1.84,1.24,1.65,1.62,2.4,573
2.26,2.27,2.02,1.08,0.96,2.0,1.98,1.2,0.44,2.16,0.42,1.47,1.22,213
2.2,1.4,2.38,2.17,1.14,1.1,0.95,1.24,2.1,0.49,2.4,2.32,0.54,510
1.9,1.38,1.78,0.91,1.39,1.99,1.29,2.16,2.07,0.41,0.91,1.7,1.67,651
2.29,1.03,1.17,2.33,1.92,0.46,2.32,0.77,2.04,0.73,0.75,0.79,1.63,720
2.2,1.52,2.16,1.61,1.07,1.26,1.57,1.58,1.24,1.71,2.3,1.82,1.72,121
1.1,1.33,1.73,1.59,1.3,2.19,1.8,0.67,2.08,1.46,1.03,0.69,0.81,180
0.75,0.5,1.51,0.6,0.42,1.15,1.21,0.53,1.36,2.28,0.83,1.45,1.09,781
1.83,1.8,0.63,1.19,2.28,0.6,0.75,1.43,1.11,2.16,0.53,0.42,1.14,642
0.95,1.03,1.41,1.25,1.24,1.19,1.18,1.81,2.25,2.37,2.19,2.17,0.68,223
0.94,2.17,1.35,0.92,0.55,1.93,1.37,1.23,2.32,1.84,0.46,1.89,1.43,11
0.57,2.35,1.13,1.88,1.73,1.98,0.43,1.82,1.17,2.01,1.27,1.97,1.67,834
1.98,2.0,1.19,1.65,0.79,1.04,0.65,2.27,1.45,2.18,2.35,2.35,1.36,421
2.3,2.15,2.3,1.71,0.4,2.37,0.74,1.32,2.02,2.25,2.2,0.87,0.63,423
0.68,1.98,0.67,1.05,2.11,1.89,1.92,0.61,2.15,1.54,1.97,1.47,0.94,263
1.47,1.46,0.93,1.2,1.56,1.22,0.6,0.54,1.67,1.12,1.57,0.98,2.01,810
0.98,2.31,0.87,1.62,1.04,2.22,2.04,1.37,1.22,1.26,1.05,2.29,1.63,625
2.01,2.04,1.42,1.18,0.93,1.82,1.22,0.66,1.36,1.47,1.23,1.21,1.43,505
1.35,0.58,1.52,1.98,2.18,2.21,0.81,0.93,2.26,1.79,0.42,1.27,0.98,87
1.32,0.64,1.07,1.49,1.7,0.89,2.39,0.53,0.91,2.23,2.3,1.86,0.99,281
1.58,2.02,0.44,0.98,0.84,2.06,1.0,1.04,0.83,0.76,2.26,1.97,1.62,474
1.58,2.0,2.28,1.75,1.73,1.57,0.55,1.38,0.79,1.08,2.36,2.18,0.93,377
1.39,1.86,1.12,1.18,1.26,0.66,0.96,1.33,1.8,1.26,0.99,1.6,0.89,613
1.82,1.64,0.41,0.99,1.17,0.89,1.29,0.9,2.29,0.84,1.91,0.6,1.69,723
0.9,1.36,1.92,1.05,1.69,1.04,0.43,1.78,0.61,1.28,2.14,2.09,0.78,315
2.35,1.19,1.95,1.28,1.9,0.43,1.84,2.37,1.63,2.22,0.75,0.94,2.04,634
0.4,1.05,2.39,1.0,0.81,1.51,1.84,1.13,2.38,2.28,0.65,1.06,0.87,150
1.08,1.8,1.5,2.2,1.58,1.64,0.92,1.66,0.78,1.15,1.25,2.35,1.28,775
1.51,1.29,1.58,0.98,1.14,1.17,0.65,1.23,1.99,1.6,1.04,1.73,1.02,552
1.11,1.16,2.31,1.9,0.77,0.43,0.91,0.84,0.45,0.91,0.97,1.64,2.33,796
0.7,1.97,1.36,1.76,0.46,1.16,2.2,1.28,1.14,1.21,2.24,0.83,1.17,851
0.97,0.68,1.34,1.42,0.52,0.64,1.1,0.57,1.05,0.78,2.16,2.37,0.74,478
2.27,0.81,1.69,2.11,0.95,1.65,1.55,2.33,0.83,1.1,2.3,2.18,1.91,91
1.58,0.67,2.39,2.3,1.8,1.31,1.7,1.79,2.35,0.65,0.76,0.7,0.69,178
0.98,1.01,1.8,2.26,0.5,2.16,1.39,1.32,1.92,1.26,1.14,1.54,1.98,717
2.19,1.27,1.94,1.68,2.17,0.74,1.72,0.47,1.9,0.92,1.66,0.94,1.37,207
1.0,1.6,0.87,1.85,2.26,0.96,0.48,0.48,0.92,0.82,1.55,1.95,1.54,436
1.1,1.83,0.67,2.13,1.24,1.0,1.94,2.09,1.39,2.37,1.97,1.38,1.91,881
0.4,1.9,1.07,2.22,1.39,1.44,1.05,1.71,1.5,2.29,2.19,1.49,0.43,188
1.85,1.73,1.82,2.32,0.9,0.68,2.08,0.51,0.7,1.39,2.27,0.44,0.84,387
2.07,1.14,2.23,1.53,0.73,0.92,0.84,1.34,0.43,2.2,1.51,2.16,1.33,525
0.51,1.06,1.18,0.56,0.47,1.53,0.55,0.99,0.83,1.95,0.69,1.28,1.61,831
1.53,1.1,0.73,1.84,1.9,0.87,0.92,1.54,0.96,0.94,0.63,2.26,2.08,497
1.3,1.79,0.49,1.08,0.79,2.29,0.55,2.18,1.41,0.99,2.25,1.29,1.35,14
1.99,2.22,2.07,1.96,1.44,0.93,0.82,1.7,0.69,1.58,0.53,2.21,2.18,556
1.07,1.4,2.03,1.43,1.75,1.65,2.4,1.23,1.15,1.52,1.08,1.71,1.42,94
1.65,0.77,1.32,1.51,1.17,0.72,0.81,1.64,2.11,0.48,1.97,0.43,1.25,487
2.26,1.37,0.86,1.05,1.44,0.6,0.69,1.3,1.56,2.38,1.18,0.7,2.22,664
0.78,1.26,0.76,1.37,1.43,1.34,1.23,1.6,1.48,1.49,0.78,1.57,1.94,69
2.36,1.24,0.46,1.19,0.66,0.82,1.74,1.69,1.49,1.37,0.67,1.28,2.24,661
0.71,1.85,1.18,0.94,1.06,1.1,1.56,1.39,1.49,1.42,1.04,2.3,1.73,9
1.81,0.63,1.86,1.12,2.36,0.99,1.26,1.17,0.73,0.89,0.99,0.58,0.91,430
0.41,0.71,1.25,0.7,1.89,0.71,0.5,1.67,1.98,0.57,1.95,2.22,1.06,225
0.5,1.86,0.54,1.53,1.46,2.4,1.35,0.64,2.27,1.7,1.33,0.63,1.83,173
2.29,2.14,1.97,0.95,1.59,0.74,1.57,1.48,1.1,1.8,0.83,0.45,2.33,664
1.07,1.99,2.21,1.6,1.57,0.7,0.91,1.92,0.56,0.96,1.4,0.55,0.97,646
1.04,1.45,2.3,1.38,2.37,0.94,1.33,1.08,1.54,1.82,1.45,1.96,2.08,4
1.71,0.88,0.47,0.5,1.82,2.35,1.9,2.02,0.82,1.89,1.54,1.62,0.69,271
1.05,1.21,2.29,2.14,2.25,0.65,2.25,2.28,1.84,0.86,1.87,1.61,1.4,1
0.6,1.22,1.28,1.42,0.93,2.15,0.49,0.48,2.26,0.48,2.02,0.73,1.32,21
1.21,1.44,1.0,1.69,2.11,2.03,2.0,1.76,1.92,0.62,2.02,0.61,1.1,139
2.17,1.13,2.29,1.7,1.13,1.86,1.23,0.98,1.71,1.01,2.22,0.96,1.25,238
1.89,0.68,1.02,1.39,0.77,2.13,0.59,0.99,1.33,0.51,1.08,1.76,2.02,899
1.92,1.92,1.6,1.97,1.73,2.2,0.88,2.08,0.74,0.55,1.86,0.66,1.75,618
1.16,2.17,1.93,0.68,0.42,1.12,1.22,0.77,1.52,2.06,1.67,2.01,2.16,889
0.51,2.19,1.37,0.89,1.27,1.25,1.02,1.36,1.95,1.1,1.59,0.71,1.22,19
1.33,1.8,0.78,1.47,1.97,1.36,1.69,1.85,1.4,0.66,0.98,1.64,0.74,653
1.96,1.45,2.19,1.83,2.28,2.25,2.33,1.63,1.73,1.08,1.96,2.17,1.97,92
1.18,0.65,0.56,0.88,0.9,0.5,2.25,2.13,1.88,1.1,2.04,1.67,1.91,878
2.08,1.7,0.76,0.43,1.52,0.74,0.49,1.45,0.61,2.3,0.95,0.57,1.92,641
1.23,0.65,0.64,2.39,2.15,1.06,1.69,1.79,0.84,0.79,0.52,2.08,0.89,339
1.45,2.07,1.19,1.58,2.28,2.14,1.39,1.12,0.72,1.39,1.38,2.11,1.51,412
1.91,1.85,0.57,2.22,2.22,2.1,1.28,1.03,1.4,1.25,0.78,1.29,1.36,84
0.43,1.85,0.85,0.5,1.6,1.76,1.98,0.9,2.34,1.95,1.02,1.75,1.53,233
0.65,2.14,0.49,0.92,2.17,1.84,2.09,0.94,1.67,0.6,1.44,2.18,1.69,232
0.53,1.07,1.26,2.25,1.38,1.21,1.75,2.4,0.66,2.34,1.29,1.72,0.54,186
2.23,0.55,1.83,0.68,1.89,1.06,2.33,1.78,1.97,1.39,0.69,0.93,0.63,148
2.05,1.64,1.54,2.36,0.57,1.0,0.85,1.94,0.51,2.39,0.77,1.74,1.66,555
1.68,1.23,1.06,1.69,1.81,0.52,1.32,0.47,0.77,0.84,1.29,1.43,1.03,402
1.24,1.74,1.45,0.76,0.86,1.76,1.65,1.13,1.26,0.47,0.67,1.15,2.21,740
0.71,1.23,1.79,1.36,1.48,1.52,1.13,0.66,1.48,1.82,0.92,2.23,0.91,773
1.75,1.23,2.28,1.48,2.05,1.0,0.73,0.59,0.77,1.7,1.65,1.51,1.92,435
2.07,1.33,2.0,2.36,1.19,1.75,1.74,2.05,2.33,2.07,2.25,1.42,1.98,573
1.5,0.75,2.14,0.68,2.07,0.42,1.48,1.74,2.15,0.46,1.98,0.74,1.73,876
1.65,1.1,1.56,1.38,1.23,0.86,1.32,0.47,1.57,1.14,1.64,1.63,0.68,508
1.84,0.51,2.31,0.56,1.98,0.43,1.23,1.49,0.88,0.79,2.0,1.89,0.65,344
2.33,1.96,1.7,1.94,2.15,1.37,1.25,2.32,1.69,1.74,2.2,0.92,1.65,349
1.63,1.65,2.26,1.56,0.53,0.79,1.2,2.24,1.28,2.4,2.37,1.98,1.15,421
0.95,1.99,1.56,1.31,1.77,0.63,0.62,1.21,0.84,0.95,0.81,0.78,0.85,674
0.82,0.56,1.97,1.87,0.95,0.66,1.45,0.61,0.84,1.8,1.63,1.24,0.78,388
2.33,1.26,2.14,1.55,0.65,0.88,0.74,1.89,1.56,0.7,2.06,1.42,1.32,486
0.55,0.94,1.75,0.65,1.92,1.45,2.07,2.15,0.67,1.3,1.8,0.45,1.0,788
0.94,2.32,2.06,1.46,2.34,1.42,1.14,2.03,1.95,0.54,2.31,1.04,0.87,198
1.06,2.12,0.77,0.98,1.47,1.94,1.76,2.18,0.53,2.34,1.32,0.75,2.35,730
1.77,0.45,1.89,1.72,1.93,2.09,0.76,1.57,1.12,1.02,1.17,1.04,0.5,117
2.1,1.8,0.58,1.82,0.87,1.03,0.8,1.35,0.51,2.17,1.29,2.11,1.12,554
0.63,1.64,0.7,1.36,0.98,1.34,0.56,2.24,1.98,1.79,2.07,2.01,1.97,100
1.19,2.02,0.86,2.01,0.56,1.98,1.54,0.61,1.55,1.07,0.59,2.05,1.98,687
1.92,1.25,1.72,0.82,0.43,2.22,2.14,2.2,1.98,1.3,1.98,1.91,1.45,181
0.6,0.45,2.21,1.65,2.08,2.25,1.4,0.83,1.54,2.08,1.82,1.02,1.72,300
2.22,2.09,1.8,1.99,1.58,0.86,0.59,1.18,0.43,0.44,2.33,1.8,1.73,407
2.11,2.07,1.72,0.59,2.11,1.82,1.7,0.69,2.21,1.11,1.59,2.1,2.05,321
2.31,2.09,1.34,0.58,2.14,0.97,0.9,1.88,1.27,2.38,1.27,1.76,0.71,318
1.14,2.12,1.93,1.27,0.8,1.94,2.33,1.78,2.39,1.04,2.39,2.17,1.4,151
2.12,2.24,0.87,0.92,1.66,2.23,0.86,1.11,1.28,1.09,1.39,1.53,1.01,443
0.94,1.26,1.66,1.49,0.53,2.11,0.52,0.67,1.02,1.85,0.42,2.32,1.95,866
1.11,0.46,0.73,2.33,0.97,1.12,0.6,1.59,0.76,2.01,2.18,0.87,1.94,426
0.58,1.89,2.28,0.68,0.81,0.54,2.27,2.0,0.6,2.29,1.12,1.97,1.39,96
0.71,1.34,0.58,1.72,0.84,2.36,1.42,1.81,1.74,2.13,1.39,1.74,2.14,100
2.12,1.21,2.01,1.64,1.6,1.09,2.36,0.81,1.25,0.5,0.55,1.85,2.11,690
1.41,2.29,1.39,0.91,0.97,1.43,0.95,1.33,1.01,1.56,1.37,2.23,2.27,890
1.74,2.27,0.94,1.41,1.8,1.09,1.64,1.99,1.36,1.19,1.4,0.97,1.4,531
1.1,1.49,2.05,0.41,2.04,0.54,1.55,1.36,1.72,1.06,1.41,1.73,0.95,256
0.67,1.25,1.23,1.37,2.13,1.48,0.85,1.07,1.01,1.33,0.69,2.22,0.66,774
0.98,0.47,0.72,1.13,1.36,1.02,0.92,1.96,0.78,1.59,1.87,1.59,2.19,727
1.11,0.93,1.94,0.73,0.87,2.08,0.52,0.98,2.23,1.31,2.09,0.75,1.81,240
1.43,0.42,0.42,0.86,1.53,1.44,1.53,1.19,0.81,2.37,0.52,2.32,0.65,310
2.28,0.63,1.15,0.96,0.64,1.43,2.05,2.28,0.65,0.44,1.08,1.17,2.39,577
2.29,0.53,1.85,1.26,0.75,1.02,1.31,1.06,1.55,1.11,1.38,0.96,0.85,486
2.15,1.72,0.71,1.12,0.99,1.78,2.07,1.02,1.04,0.51,1.03,1.6,1.89,534
1.81,1.94,1.2,1.38,1.08,1.43,1.88,1.08,1.33,1.48,1.85,1.91,0.81,446
1.82,1.59,1.29,0.87,2.06,1.79,0.99,1.08,2.26,1.27,1.56,2.02,0.83,321
1.94,2.28,1.06,2.13,1.99,1.65,1.27,0.66,1.76,0.96,1.66,0.8,1.21,82
0.76,2.28,0.66,0.71,2.35,1.23,2.31,1.54,1.29,1.38,0.45,0.46,2.29,731
0.64,1.55,1.6,2.19,1.51,1.63,1.3,2.19,2.13,1.72,1.84,1.38,2.22,130
0.7,0.41,1.21,1.13,2.33,1.81,2.35,0.86,1.21,2.18,1.39,1.02,1.71,757
1.08,2.22,1.43,1.75,2.14,1.01,1.25,1.08,1.24,0.75,1.24,0.54,2.17,733
0.87,1.37,0.63,0.99,1.99,1.47,1.51,1.22,1.42,0.69,1.6,0.81,0.85,108
1.92,0.94,1.19,2.39,0.57,2.06,1.24,1.76,0.46,0.55,2.13,1.9,1.52,900
1.46,2.17,1.71,1.4,1.5,0.5,0.45,1.3,0.78,0.66,1.53,1.84,0.73,346
0.53,2.08,1.95,0.55,1.51,0.64,1.58,1.51,1.39,1.53,0.68,1.35,1.01,30
1.23,1.65,0.7,1.76,1.5,1.95,1.98,0.98,2.35,1.91,0.98,1.81,1.41,173
1.39,2.39,1.01,0.51,1.67,0.84,0.66,0.51,0.57,1.32,2.34,0.96,1.15,316
1.04,0.92,1.72,1.43,0.95,1.23,0.56,0.9,1.18,1.38,0.83,1.74,2.38,896
1.04,1.22,1.27,2.17,1.98,1.44,1.26,1.75,1.08,1.96,2.23,2.02,2.12,159
1.41,2.37,1.95,1.04,1.13,1.68,1.9,0.53,1.09,0.47,1.18,1.73,1.48,739
2.19,0.75,1.25,2.01,1.49,0.51,1.46,2.03,1.54,0.95,0.89,0.9,0.97,367
1.07,0.92,0.97,1.19,0.91,1.68,1.79,2.1,1.11,0.97,2.32,2.35,0.65,134
0.76,1.33,1.15,2.4,1.67,1.41,1.44,0.59,0.89,2.36,1.31,1.43,1.43,295
2.13,0.5,1.34,1.88,2.04,1.05,1.79,1.02,1.27,1.67,0.57,1.14,0.77,147
1.89,2.22,1.05,1.9,2.16,0.73,1.48,1.71,1.69,0.63,0.62,1.12,1.52,561
0.56,1.28,0.83,1.09,0.86,0.89,1.34,1.8,1.71,2.39,2.1,0.53,1.51,849
0.69,1.4,1.5,1.17,0.85,0.56,1.35,1.03,1.33,1.16,2.19,0.46,1.2,848
0.58,0.87,2.1,2.3,1.4,1.55,2.27,2.18,0.98,1.33,2.39,1.83,2.36,61
1.03,0.59,1.6,2.39,2.35,1.89,2.16,1.54,2.07,1.71,1.23,2.2,0.72,248
0.81,0.98,1.36,1.79,1.99,1.08,1.46,1.69,2.25,1.0,0.52,2.26,1.79,6
0.89,1.73,0.5,2.1,2.17,1.04,1.02,1.65,1.42,0.53,1.86,0.94,1.33,109
0.93,1.62,1.58,1.36,0.64,2.2,1.46,1.05,0.45,0.8,1.02,1.57,0.77,742
1.96,1.28,1.95,0.68,1.49,1.46,2.14,1.14,1.75,0.82,2.14,2.07,1.08,570
1.93,0.5,1.29,1.7,1.59,0.44,1.46,1.12,0.82,1.76,0.46,1.49,0.61,369
1.85,0.46,1.44,1.05,1.52,0.91,1.42,0.95,0.47,1.28,1.92,2.09,1.98,373
1.64,0.78,1.2,1.72,1.92,2.02,1.46,1.16,0.77,2.35,1.06,2.38,0.54,310
1.39,1.71,1.28,1.77,1.13,2.2,1.02,0.51,0.76,2.08,2.24,0.6,1.25,884
0.46,0.91,1.06,0.98,1.05,1.8,1.83,2.29,2.09,1.52,1.86,1.74,0.82,133
0.43,1.02,0.53,0.75,2.21,1.77,1.55,0.92,0.48,0.69,2.04,2.38,1.55,76
2.12,0.85,2.13,1.32,2.11,0.97,0.45,2.36,2.14,2.12,1.9,0.58,2.16,604
1.39,0.44,1.8,2.19,2.31,0.88,1.84,0.82,0.43,0.66,1.94,0.53,0.86,357
